final_customer_id,Cashflow_Volatility_Ratio,Partner_Risk_Score,Avg_Payment_Speed_Days,Days_Active_Platform,Default,Loan_Amount_TRAD,Max_Days_in_Arrears_TRAD,Max_Utilization_TRAD,Unique_Loan_Count_TRAD
1,1.488886450367958,0.7256310293120473,18.58923687407434,605,0,18881.0,4,0.9833,1
2,1.0171874526422304,0.7018383145947312,17.61535062674038,545,0,10869.0,8,0.9815,1
3,1.6300539670014096,0.6353267400373953,23.710744536117215,492,1,18387.0,3,0.9825,1
4,2.756103519215133,0.6996210008728319,27.196986848557323,686,0,5141.0,6,1.0,1
5,0.9603168231669492,0.7736262438239415,22.121081664807697,1127,0,9445.0,4,0.9690000000000001,1
6,0.960326282972374,0.681075680653174,24.069262507022778,986,0,10288.0,1,0.9878,1
7,2.850594842886262,0.762965144534541,16.695574606161514,1474,0,10843.0,3,0.9751000000000001,1
8,1.7514794617447689,0.5744996832365429,18.75242883683481,300,0,13981.0,6,1.0,1
9,0.8338642734274421,0.6094159523281443,26.91439244159784,579,0,8052.0,3,0.9712000000000001,1
10,1.5304105399128365,0.5898519245089037,21.16026876154937,468,0,19890.0,4,0.9881,1
11,0.8369000621447076,0.615230294231139,16.547820745423106,675,0,5924.0,2,1.0,1
12,0.8357398887730322,0.8930771570059136,18.19530332872425,155,0,18186.0,3,1.0,1
13,1.2778479359733643,0.808905818966554,24.2229077418273,666,0,18745.0,2,0.9777,1
14,0.3506494940841365,0.5384615321973482,24.757362061944896,481,0,12026.0,2,0.9838,1
15,0.3926052206850174,0.7656247444612682,12.947213150281357,866,0,16294.0,3,0.9799,1
16,0.7886974296573952,0.6414126531027144,20.175547650281224,1152,0,8645.0,3,0.9848,1
17,0.6018791073469,0.5976423121792651,17.95294294468013,1177,0,15581.0,6,0.9879000000000001,1
18,1.334488936633467,0.4771390801416239,17.60678491137775,1236,0,6668.0,5,1.0,1
19,0.6409431950131012,0.8457878040730367,25.981847702584297,835,0,10983.0,4,0.9799,1
20,0.4736047239994083,0.4954205275499291,16.574771160636445,299,0,15600.0,6,0.9728,1
21,2.6628294523512497,0.6922055232985188,14.546537380349273,1000,0,5151.0,4,1.0,1
22,0.965155761013306,0.5580533131412696,13.110052173788915,1219,0,17575.0,2,1.0,1
23,1.1508685553331215,0.8163765920604886,16.95271841276613,937,0,15877.0,5,0.9761,1
24,0.4700816331869972,0.6498472260529073,13.58852238733107,942,0,18406.0,4,0.9814,1
25,0.7972159887464448,0.6798306016719482,12.811309424765684,328,0,16052.0,5,1.0,1
26,1.1812267933905825,0.6848898605604951,12.660179245997432,1010,0,10116.0,4,0.9677,1
27,0.5539969229714805,0.7453855502403675,13.016743775359204,592,0,11431.0,3,0.9649,1
28,1.3846104146481468,0.7019507145974964,13.435005665895956,584,0,9733.0,3,0.9804,1
29,0.7707561646870895,0.6935090216558325,20.394316329951245,1001,0,10038.0,4,0.9906999999999999,1
30,0.9277284107344604,0.6222397037117833,6.240104864357173,674,0,16372.0,3,0.988,1
31,0.7702624582534383,0.463790593998686,13.78948051209886,1448,0,11728.5,0,0.9835499999999999,1
32,3.0,0.5322173560687217,17.399220555850604,393,0,11728.5,0,0.9835499999999999,1
33,1.096257016519038,0.8077719608020968,24.891747721068832,806,0,11728.5,0,0.9835499999999999,1
34,0.5858880448663689,0.6541270805010553,16.524437765540497,661,0,11728.5,0,0.9835499999999999,1
35,1.8103622208307089,0.600398533341628,17.080059792703956,1487,0,11728.5,0,0.9835499999999999,1
36,0.5312586959753975,0.4891407783372932,17.47231977613128,881,0,11728.5,0,0.9835499999999999,1
37,1.2527212148230569,0.4420529289864471,7.057874077333644,268,0,11728.5,0,0.9835499999999999,1
38,0.3410241188863501,0.5945189679807702,21.95455860554959,1146,0,11728.5,0,0.9835499999999999,1
39,0.498121313937753,0.8332079281067886,21.704529421268248,997,0,11728.5,0,0.9835499999999999,1
40,1.243732254339916,0.6164394709566522,22.88697695572004,847,0,11728.5,0,0.9835499999999999,1
41,1.7213002215346345,0.7600728287862171,33.03508831816974,1016,0,11728.5,0,0.9835499999999999,1
42,1.2248531615800071,0.6095410255903063,10.20887038207674,529,0,11728.5,0,0.9835499999999999,1
43,1.031084365575314,0.7958300044043273,9.071840012365955,1373,0,11728.5,0,0.9835499999999999,1
44,0.9225052450859668,0.6472373797286995,22.23520388759393,447,0,11728.5,0,0.9835499999999999,1
45,0.455156849972741,0.5152173631674255,15.975065392885847,765,0,11728.5,0,0.9835499999999999,1
46,0.7175543930901706,0.6596570398150834,12.086230478778358,611,0,11728.5,0,0.9835499999999999,1
47,0.8382966340331218,0.975100062742061,16.304625193074184,1052,0,11728.5,0,0.9835499999999999,1
48,2.083967097734771,0.968482647332628,14.289938249449676,814,0,11728.5,0,0.9835499999999999,1
49,1.3582145057125734,0.7729799954169047,28.348662406783,767,0,11728.5,0,0.9835499999999999,1
50,0.3837269322770542,0.6794411776879445,31.57087382413981,1095,0,11728.5,0,0.9835499999999999,1
51,1.342388354604424,0.7455852703142625,8.186632251939205,1087,0,11728.5,0,0.9835499999999999,1
52,0.8771744687538078,0.7475278508099934,9.14070712040018,263,0,11728.5,0,0.9835499999999999,1
53,0.736273813531982,0.6940169871449348,13.443791972208558,1308,0,11728.5,0,0.9835499999999999,1
54,1.5952106130270594,0.7661416029883925,13.862831749925927,1142,0,11728.5,0,0.9835499999999999,1
55,2.051558428777742,0.7312340293230345,13.348437319809486,277,1,11728.5,0,0.9835499999999999,1
56,1.9324102760891717,0.6526041421953529,16.83459492273892,1300,0,11728.5,0,0.9835499999999999,1
57,0.6679576444728189,0.5207114800924535,15.318991195668357,222,0,11728.5,0,0.9835499999999999,1
58,0.9180279653230922,0.6309911136669751,9.878324442628092,1116,0,11728.5,0,0.9835499999999999,1
59,1.3481834029578958,0.8199278273610395,11.839150554816117,971,0,11728.5,0,0.9835499999999999,1
60,1.984420786358857,0.6952806663256953,27.278032993257384,1049,0,11728.5,0,0.9835499999999999,1
61,0.8290253521524318,0.7450430337381257,15.8553105195919,1463,0,11728.5,0,0.9835499999999999,1
62,0.9886692954894278,0.6575476708443381,15.548214650244065,1153,0,11728.5,0,0.9835499999999999,1
63,0.5690420281493856,0.5410603742484063,8.87737712503516,845,0,11728.5,0,0.9835499999999999,1
64,0.5391702072924022,0.6642055427692265,15.220699636175006,1221,0,11728.5,0,0.9835499999999999,1
65,1.7995119575365053,0.5466316148875973,23.76541457740549,1297,0,11728.5,0,0.9835499999999999,1
66,2.493641313487894,0.5370566239594673,21.57330887081644,463,0,11728.5,0,0.9835499999999999,1
67,1.058437672548449,0.8808454913304113,22.86659578784134,1197,0,11728.5,0,0.9835499999999999,1
68,2.0180258644758124,0.6369870992598675,10.77841754354202,847,0,11728.5,0,0.9835499999999999,1
69,1.3729773295444558,0.5887772911809949,10.682293899576914,934,0,11728.5,0,0.9835499999999999,1
70,0.7504578044329631,0.9426939526571356,24.80061433304432,351,0,11728.5,0,0.9835499999999999,1
71,1.3727792894824522,0.8222477553106362,22.9576448392066,1187,0,11728.5,0,0.9835499999999999,1
72,2.7810316052093733,0.6442736161747242,16.449223429106116,1422,0,11728.5,0,0.9835499999999999,1
73,1.0816680891091175,0.7641454488328552,23.118241610694465,984,0,11728.5,0,0.9835499999999999,1
74,2.8257849756536566,0.6646317522608945,10.782021766477268,1395,0,11728.5,0,0.9835499999999999,1
75,0.2295011904259424,0.59609804810806,10.533191353215209,1013,0,11728.5,0,0.9835499999999999,1
76,1.8096645608853417,0.7712036836727506,8.295233084911658,1061,0,11728.5,0,0.9835499999999999,1
77,1.1644259757873123,0.6513547172019695,20.16882259802187,142,0,11728.5,0,0.9835499999999999,1
78,0.9236663087530592,0.7113247013499104,19.3003072466284,797,0,11728.5,0,0.9835499999999999,1
79,1.1677238958491791,0.8532044852349507,14.86550087891426,1073,0,11728.5,0,0.9835499999999999,1
80,0.3353631351373328,0.8366819655693064,13.317644342330931,872,0,11728.5,0,0.9835499999999999,1
81,0.9686972681219228,0.6174860062215884,32.487291623177434,1102,1,11728.5,0,0.9835499999999999,1
82,1.36925602228331,0.7729047403430629,16.445214038469675,820,0,11728.5,0,0.9835499999999999,1
83,2.682465748240458,0.5308215630781365,26.32840208720386,774,1,11728.5,0,0.9835499999999999,1
84,0.8098047328250555,0.7675621241973557,17.121909393303113,936,0,11728.5,0,0.9835499999999999,1
85,0.6803852060361971,0.7222742958701658,14.995723753268006,1108,0,11728.5,0,0.9835499999999999,1
86,0.8178680805135726,0.7568469043545145,26.49995705883834,145,0,11728.5,0,0.9835499999999999,1
87,1.9140880031312528,0.6553832868033651,22.73978472249598,624,0,11728.5,0,0.9835499999999999,1
88,1.346152691595717,1.0,17.8553458620141,698,0,11728.5,0,0.9835499999999999,1
89,0.8042411457410243,0.5648050438569528,24.802284670515668,366,0,11728.5,0,0.9835499999999999,1
90,1.5037477016120042,0.8457327566452693,33.12183909705142,1255,0,11728.5,0,0.9835499999999999,1
91,1.1714549574443387,0.5452452520347502,13.605879800867068,889,0,11728.5,0,0.9835499999999999,1
92,1.976222104989768,0.7756516261943981,20.830419880471503,325,0,11728.5,0,0.9835499999999999,1
93,0.7252550765169844,0.7863684965877673,15.544739017549514,920,0,11728.5,0,0.9835499999999999,1
94,0.907921563467362,0.7082463807343428,12.392753875390186,909,0,11728.5,0,0.9835499999999999,1
95,0.8734845020888328,0.6257013384184443,12.226399283303202,1443,0,11728.5,0,0.9835499999999999,1
96,0.4592736914850738,0.7211702336117948,27.553998876111592,520,0,11728.5,0,0.9835499999999999,1
97,1.3200533682042368,0.7400515500145262,7.051436356161927,581,0,11728.5,0,0.9835499999999999,1
98,1.2925708773537206,0.9684904729459424,21.04715615080077,717,0,11728.5,0,0.9835499999999999,1
99,1.1085668710725598,0.5691489572049555,13.048541534278597,1206,0,11728.5,0,0.9835499999999999,1
100,0.9600669282482678,0.6166129755528997,28.63496970940796,1235,0,11728.5,0,0.9835499999999999,1
101,0.4727339864385693,0.7427103335604004,16.361540106394038,288,0,11728.5,0,0.9835499999999999,1
102,0.8586557503064725,0.6615919314407122,15.815953960306404,331,0,11728.5,0,0.9835499999999999,1
103,0.8997586575323668,0.6849938443404099,27.41705582696542,1206,0,11728.5,0,0.9835499999999999,1
104,0.6829276453637001,0.8605527753045641,23.260800493873287,169,0,11728.5,0,0.9835499999999999,1
105,1.0032337904556714,0.2769600244856147,21.325361906176024,417,0,11728.5,0,0.9835499999999999,1
106,1.4083664886332732,0.6103075982473283,22.834871733034703,1036,0,11728.5,0,0.9835499999999999,1
107,3.0,0.4386446160623126,11.500358467405542,109,0,11728.5,0,0.9835499999999999,1
108,1.2272141571446136,0.5206275344643894,22.45027923322882,723,0,11728.5,0,0.9835499999999999,1
109,1.2898555488057584,1.0,16.80567471494989,748,0,11728.5,0,0.9835499999999999,1
110,1.0568919205663727,0.7897252200929133,20.16554819497356,873,0,11728.5,0,0.9835499999999999,1
111,0.3494961513722225,0.8427347387587156,20.90731755756775,1175,0,11728.5,0,0.9835499999999999,1
112,1.087728606465013,0.6879205525320352,11.336945500756157,1398,0,11728.5,0,0.9835499999999999,1
113,1.1458401529411684,0.8138070737247864,21.56293557504497,955,0,11728.5,0,0.9835499999999999,1
114,3.0,0.4350153238719625,16.881856260171745,1461,0,11728.5,0,0.9835499999999999,1
115,0.9847016482510332,0.8557447617654401,10.56047132413878,891,1,11728.5,0,0.9835499999999999,1
116,1.3243587836038393,0.577023382216015,17.12060516082575,426,0,11728.5,0,0.9835499999999999,1
117,1.0823914926967642,0.620302627101113,18.120150684691048,1165,0,11728.5,0,0.9835499999999999,1
118,0.5481497173135644,0.7757726605681978,21.561791347607773,187,0,11728.5,0,0.9835499999999999,1
119,2.193928316293079,0.7474670137873323,3.670253773155892,1143,0,11728.5,0,0.9835499999999999,1
120,1.7352644449309882,0.7126930072590323,20.32881737925996,838,0,11728.5,0,0.9835499999999999,1
121,1.7764538679973247,0.4955355769629521,14.92883965898764,788,0,11728.5,0,0.9835499999999999,1
122,0.6404191002037731,0.7149720503232462,22.859240678462942,1433,0,11728.5,0,0.9835499999999999,1
123,2.564277048765241,0.8440842030224842,17.988803122294595,824,0,11728.5,0,0.9835499999999999,1
124,0.4765843089859394,0.6201269355850308,15.999710973870307,1412,0,11728.5,0,0.9835499999999999,1
125,1.5716315070893956,0.8972405568010443,16.934997622342433,1465,0,11728.5,0,0.9835499999999999,1
126,3.0,0.5690962096128985,20.000458453146663,913,1,11728.5,0,0.9835499999999999,1
127,0.6099844615070928,0.700982183757756,23.44745644602812,315,0,11728.5,0,0.9835499999999999,1
128,0.78680201004491,0.9302991600064918,12.653332213949646,1323,0,11728.5,0,0.9835499999999999,1
129,1.1732654205486872,0.5977900130950585,15.938040843406185,735,0,11728.5,0,0.9835499999999999,1
130,0.8170251571673361,0.858097822506561,26.81607630491205,844,0,11728.5,0,0.9835499999999999,1
131,0.4358757476773589,0.9961978543332712,15.833329840278196,1372,0,11728.5,0,0.9835499999999999,1
132,1.1515833078260729,0.7256566103386225,20.203498384891606,935,0,11728.5,0,0.9835499999999999,1
133,0.5842757527461477,0.6209474518925039,10.594848373882382,204,0,11728.5,0,0.9835499999999999,1
134,1.468373694937067,0.5840891795574964,7.712956253019183,1113,0,11728.5,0,0.9835499999999999,1
135,0.6365740422690881,0.8956904055020988,11.758770809712225,268,0,11728.5,0,0.9835499999999999,1
136,2.8009555953498597,0.8915041299009473,13.860647663893928,500,1,11728.5,0,0.9835499999999999,1
137,0.6907675036726408,0.9173963684303011,24.239466984285496,1139,0,11728.5,0,0.9835499999999999,1
138,0.9109776552649196,0.695074247401608,24.89715757612423,807,0,11728.5,0,0.9835499999999999,1
139,1.8005826922290338,0.8556710412290657,6.448078158627293,1469,0,11728.5,0,0.9835499999999999,1
140,0.5280741392640406,0.6926740913310894,14.75252916424883,750,0,11728.5,0,0.9835499999999999,1
141,1.266777102898441,0.5675417317587461,22.186736382242906,922,0,11728.5,0,0.9835499999999999,1
142,2.421254156879146,0.8686265177668528,17.36788125341265,185,0,11728.5,0,0.9835499999999999,1
143,0.4212663686518446,0.9450805417417306,27.02735079490456,548,0,11728.5,0,0.9835499999999999,1
144,1.234641093285246,0.5469097040828019,22.041005652787813,403,0,11728.5,0,0.9835499999999999,1
145,1.2916618906241406,0.5440853555648995,16.393889374267108,345,1,11728.5,0,0.9835499999999999,1
146,1.766665237745586,0.7059972901345186,16.927983773225534,1436,0,11728.5,0,0.9835499999999999,1
147,0.5261492156521884,0.84341929086115,17.659261004370922,958,0,11728.5,0,0.9835499999999999,1
148,0.5004367970352962,0.529927120936907,12.924255619434357,886,0,11728.5,0,0.9835499999999999,1
149,1.5115943267898313,0.7340523605433859,23.63528481389699,1260,0,11728.5,0,0.9835499999999999,1
150,1.3207381752165557,0.6114359568910372,22.454572906449307,452,0,11728.5,0,0.9835499999999999,1
151,1.2844051722562104,0.8051243649737503,20.725624605914582,974,0,11728.5,0,0.9835499999999999,1
152,1.360522647693279,0.5803169767756164,19.45544813614197,442,0,11728.5,0,0.9835499999999999,1
153,0.7349044171298841,0.8157704500411268,11.890813325801922,586,0,11728.5,0,0.9835499999999999,1
154,1.2704259250452892,0.6762677783773438,21.02515919485049,832,0,11728.5,0,0.9835499999999999,1
155,1.3176416158646094,0.5594289214478436,18.77461483598851,712,0,11728.5,0,0.9835499999999999,1
156,0.7199231197373331,0.7095534933140333,30.01361456984648,222,0,11728.5,0,0.9835499999999999,1
157,3.0,0.409304002826747,10.240253412512272,1307,1,11728.5,0,0.9835499999999999,1
158,1.468585587981798,0.616135814184259,13.66022767266421,258,0,11728.5,0,0.9835499999999999,1
159,0.5407587147038777,0.7506101605486992,8.480132657297005,717,0,11728.5,0,0.9835499999999999,1
160,1.6387473928893397,0.4342367831452157,16.691881249397586,685,0,11728.5,0,0.9835499999999999,1
161,0.6158148048445845,0.3143294720341882,7.5546037920270415,932,0,11728.5,0,0.9835499999999999,1
162,1.7722514824744202,0.3490949020280249,25.11300981701146,485,0,11728.5,0,0.9835499999999999,1
163,2.214789460761443,0.8990692833250554,24.553423853221005,1434,1,11728.5,0,0.9835499999999999,1
164,0.6754275433868733,0.6884861480855905,17.04220812965614,1450,1,11728.5,0,0.9835499999999999,1
165,1.9699845056104244,0.6201301908989219,11.917669270617786,1168,0,11728.5,0,0.9835499999999999,1
166,1.4157629260690432,0.8417732103500244,8.85538470864444,1023,0,11728.5,0,0.9835499999999999,1
167,1.8098357512541572,0.6393325476296333,13.77681231215756,644,0,11728.5,0,0.9835499999999999,1
168,3.0,0.7402692849800098,21.752228234044985,1496,0,11728.5,0,0.9835499999999999,1
169,0.9538652455053236,0.7038633026384894,13.27768386006079,142,0,11728.5,0,0.9835499999999999,1
170,0.7031101606857899,0.6293500868870533,29.451457056040315,918,0,11728.5,0,0.9835499999999999,1
171,0.6481010471834263,0.7441218825833659,26.9441726393889,1073,0,11728.5,0,0.9835499999999999,1
172,0.6774048553626486,0.8159891832130216,18.00494366042662,927,0,11728.5,0,0.9835499999999999,1
173,1.0552091295566313,0.6722640074474517,15.2287904687887,519,0,11728.5,0,0.9835499999999999,1
174,1.3562061213884888,0.6309166640268077,14.58482460152129,482,0,11728.5,0,0.9835499999999999,1
175,1.3047539508628645,0.6486231388000819,27.590260563156058,1052,0,11728.5,0,0.9835499999999999,1
176,1.815407480028407,0.3553131200821402,14.059828010656258,368,0,11728.5,0,0.9835499999999999,1
177,1.113826222450076,0.7424589319763367,23.606213716400163,888,0,11728.5,0,0.9835499999999999,1
178,2.643544013586705,0.5186333066517173,18.130753278409824,575,1,11728.5,0,0.9835499999999999,1
179,0.9429008925191368,0.7944578086178385,22.281373283545054,321,0,11728.5,0,0.9835499999999999,1
180,3.0,0.6864363848987058,13.077616250587417,1404,0,11728.5,0,0.9835499999999999,1
181,1.6086581892155851,0.715768164479566,16.00248842686963,1161,0,11728.5,0,0.9835499999999999,1
182,0.6608062927791988,0.8050493755909303,17.854904881778026,554,0,11728.5,0,0.9835499999999999,1
183,0.5812725664485675,0.5610214350488597,14.21180029397659,383,0,11728.5,0,0.9835499999999999,1
184,1.476218055205707,0.7553872665026435,25.495345016246983,398,0,11728.5,0,0.9835499999999999,1
185,0.9664964327886928,0.7401431578843997,13.41415122200376,1404,0,11728.5,0,0.9835499999999999,1
186,1.6962166932510534,0.672282875103581,14.537807150338818,827,0,11728.5,0,0.9835499999999999,1
187,1.4680611354750177,0.5607720698854692,26.152200141767853,1383,0,11728.5,0,0.9835499999999999,1
188,1.0579178166620995,0.7892857546082745,24.989563420773017,1427,0,11728.5,0,0.9835499999999999,1
189,0.6649281888552874,0.8055181816628973,27.52787263395378,1181,0,11728.5,0,0.9835499999999999,1
190,0.4453439674601293,0.7170403038966826,6.5503610155347936,127,0,11728.5,0,0.9835499999999999,1
191,0.8454307896983182,0.5394546376428032,19.20433649425112,744,0,11728.5,0,0.9835499999999999,1
192,1.8475109053699488,0.6208826450611818,18.541687947786635,527,0,11728.5,0,0.9835499999999999,1
193,1.2566585406920725,0.69095009163699,14.629602693324886,1252,0,11728.5,0,0.9835499999999999,1
194,0.5233822160384041,0.803274182497314,19.94675633914293,204,0,11728.5,0,0.9835499999999999,1
195,1.2261860203749038,0.4624765898330324,16.0713496178952,595,0,11728.5,0,0.9835499999999999,1
196,1.3926249616191977,0.6154294803543434,18.971953610417067,895,0,11728.5,0,0.9835499999999999,1
197,0.6503045666738786,0.6395991160086696,38.41125337325955,1450,0,11728.5,0,0.9835499999999999,1
198,1.211955370037009,0.6875167630895456,19.902784584770743,285,0,11728.5,0,0.9835499999999999,1
199,1.1444512117569816,0.5048012073962729,20.154789588617312,1406,0,11728.5,0,0.9835499999999999,1
200,0.5566702758495635,0.6673700832439999,22.927316010095048,1387,0,11728.5,0,0.9835499999999999,1
201,1.369810509731236,0.6534274653531115,19.083867185977905,384,1,11728.5,0,0.9835499999999999,1
202,1.5472369322657695,0.5443612192765515,11.41180394303953,1021,0,11728.5,0,0.9835499999999999,1
203,2.1166417360121845,0.6823048623746973,8.119729625140366,1358,0,11728.5,0,0.9835499999999999,1
204,2.079819749826625,0.6188246354821747,17.82425362378855,1153,0,11728.5,0,0.9835499999999999,1
205,0.48354948552479,0.7743379213764561,16.38533382976033,96,0,11728.5,0,0.9835499999999999,1
206,0.6295846114607108,0.5672008658493491,6.218387503309968,236,0,11728.5,0,0.9835499999999999,1
207,1.5053435737080971,0.7134751183192682,27.776356509736715,1406,1,11728.5,0,0.9835499999999999,1
208,1.5042156063622745,0.5787416744156098,18.64201826019307,1377,0,11728.5,0,0.9835499999999999,1
209,1.5053547907549558,0.6100368642761781,26.63661812798654,1440,0,11728.5,0,0.9835499999999999,1
210,3.0,0.7445937441558108,4.608826295447027,1461,0,11728.5,0,0.9835499999999999,1
211,1.55664724488548,0.7352076599263233,26.75092233453436,258,0,11728.5,0,0.9835499999999999,1
212,2.184396052383187,0.637446672613246,15.088769520297578,1156,1,11728.5,0,0.9835499999999999,1
213,1.958935195654459,0.6595884072500998,25.55494729110046,538,0,11728.5,0,0.9835499999999999,1
214,1.6336793660633584,0.4819590332335713,19.2892108428579,1334,1,11728.5,0,0.9835499999999999,1
215,0.9146977951508808,0.910414646587105,20.719539311518165,336,0,11728.5,0,0.9835499999999999,1
216,1.742605718318018,0.8031184596817041,20.72710224166977,1327,0,11728.5,0,0.9835499999999999,1
217,0.6951030794062784,0.797717207630666,15.449173811330867,463,0,11728.5,0,0.9835499999999999,1
218,0.9587823701100192,0.4607451674565677,14.120911578783272,239,0,11728.5,0,0.9835499999999999,1
219,0.8259524045781279,0.610676501126607,15.833038863035537,520,0,11728.5,0,0.9835499999999999,1
220,1.1608174829914757,0.6498180956614565,9.16854475020386,1030,0,11728.5,0,0.9835499999999999,1
221,3.0,0.4103407761948981,15.115738177839525,631,0,11728.5,0,0.9835499999999999,1
222,0.3604654681700868,0.8334925144114129,13.819251277538154,288,0,11728.5,0,0.9835499999999999,1
223,1.6682182058321122,0.9180826732822204,9.024567883982469,593,0,11728.5,0,0.9835499999999999,1
224,0.4199458423882142,1.0,20.751997654315645,732,0,11728.5,0,0.9835499999999999,1
225,0.8326356566483414,0.5431174258723395,18.046304591596652,1439,0,11728.5,0,0.9835499999999999,1
226,2.124147102290456,0.7175985245251411,19.47625393990288,1193,0,11728.5,0,0.9835499999999999,1
227,1.14862779876418,0.8984227403725631,22.184704748770702,934,1,11728.5,0,0.9835499999999999,1
228,0.5788876470655104,0.6619572281579569,16.572839656671636,864,0,11728.5,0,0.9835499999999999,1
229,0.7195118913458033,0.6149518129235982,12.367701520259356,118,0,11728.5,0,0.9835499999999999,1
230,1.6615628732605616,0.4200973489683263,19.823652139844786,528,0,11728.5,0,0.9835499999999999,1
231,0.7130384171452193,0.8698933686657624,3.0,1060,0,11728.5,0,0.9835499999999999,1
232,1.258442888245193,0.6971108865889952,17.351429451076733,603,0,11728.5,0,0.9835499999999999,1
233,1.135806650674897,0.5905987211555406,22.59101174023678,471,0,11728.5,0,0.9835499999999999,1
234,0.7475454233325334,0.742578593474329,24.281551574457733,305,0,11728.5,0,0.9835499999999999,1
235,3.0,0.7229508059767997,14.823340662737415,499,0,11728.5,0,0.9835499999999999,1
236,1.6166424121756755,0.7252388653531887,4.551676609744263,1030,1,11728.5,0,0.9835499999999999,1
237,0.3278872262934259,0.6674352906509987,3.0,399,0,11728.5,0,0.9835499999999999,1
238,1.2359903961024428,0.9433537238145048,21.82831264131824,895,0,11728.5,0,0.9835499999999999,1
239,0.7429906051240828,0.6799510400106367,15.876101621360752,98,0,11728.5,0,0.9835499999999999,1
240,1.843120392728374,0.9428983114484956,30.103794451819745,1343,0,11728.5,0,0.9835499999999999,1
241,0.6869371723950489,0.7846175389600296,9.533378190507015,189,0,11728.5,0,0.9835499999999999,1
242,1.0316486308680268,0.7526755214142596,20.05401541995161,1463,0,11728.5,0,0.9835499999999999,1
243,1.4962954709776408,0.6830087870082766,27.974109811575307,1033,1,11728.5,0,0.9835499999999999,1
244,1.8579117027113037,0.846093504031888,19.23877157866367,807,0,11728.5,0,0.9835499999999999,1
245,0.537848775785226,0.7169487651366993,8.448388849852808,683,0,11728.5,0,0.9835499999999999,1
246,0.9042035830054476,0.5601803177329702,34.63566769863371,1203,0,11728.5,0,0.9835499999999999,1
247,0.8311315555766059,0.5551761713502946,27.483524742277105,632,0,11728.5,0,0.9835499999999999,1
248,0.7467703733665728,0.7633726932901408,16.636523904649504,1334,0,11728.5,0,0.9835499999999999,1
249,3.0,0.5638931672250256,22.913724465305773,679,0,11728.5,0,0.9835499999999999,1
250,1.4091532986057895,0.6906653414541251,22.977966960413816,1177,0,11728.5,0,0.9835499999999999,1
251,0.5186477306535873,0.8585776807826636,21.85062650919575,394,0,11728.5,0,0.9835499999999999,1
252,1.9169150867733245,0.74559552668415,9.709531351790307,986,0,11728.5,0,0.9835499999999999,1
253,3.0,0.5916797694506878,19.94494572671792,1019,0,11728.5,0,0.9835499999999999,1
254,2.053363450725124,0.9114981267424208,26.764294209554457,1273,0,11728.5,0,0.9835499999999999,1
255,0.4441371003809015,0.7821812855492052,21.02716329450448,1304,0,11728.5,0,0.9835499999999999,1
256,0.8265123298200485,0.8526689480806133,20.382906013845368,920,0,11728.5,0,0.9835499999999999,1
257,2.363507370020938,0.3598662485186046,14.779053785109394,269,0,11728.5,0,0.9835499999999999,1
258,0.7228152085173122,0.7496279317394119,12.576127976919611,256,0,11728.5,0,0.9835499999999999,1
259,1.442375860167861,0.8263236754569839,8.564895682023053,1189,0,11728.5,0,0.9835499999999999,1
260,1.7590615068008628,0.9550432963446988,22.544787587566205,1161,0,11728.5,0,0.9835499999999999,1
261,0.6337135231158647,0.4804272123773437,16.674693998512144,220,0,11728.5,0,0.9835499999999999,1
262,1.0663960505741803,0.8809171883791799,9.951722330723593,1356,0,11728.5,0,0.9835499999999999,1
263,0.1580631876540632,0.9466570428551866,23.85845199904277,487,0,11728.5,0,0.9835499999999999,1
264,0.5977201657527824,0.397406653408153,14.478533522800657,1139,0,11728.5,0,0.9835499999999999,1
265,0.9497648124910693,0.7717886664804614,12.852810598550857,1404,0,11728.5,0,0.9835499999999999,1
266,0.5227406070481306,0.7926431221511052,15.022511917738347,1328,1,11728.5,0,0.9835499999999999,1
267,2.943050952916876,0.6509488506022141,16.84146444096176,605,0,11728.5,0,0.9835499999999999,1
268,0.4685629474504478,0.6264858309900565,20.74813242308918,518,0,11728.5,0,0.9835499999999999,1
269,0.8487193675450662,0.8001780869931733,12.74811845406414,883,0,11728.5,0,0.9835499999999999,1
270,1.1953563555038906,0.6077527369884052,24.06224325295925,1342,0,11728.5,0,0.9835499999999999,1
271,2.624168209978208,0.6674126007372853,20.905377530375127,964,0,11728.5,0,0.9835499999999999,1
272,0.4669573791378237,0.8218652351235882,14.912023524245452,782,0,11728.5,0,0.9835499999999999,1
273,2.220868312775647,0.9631064575490296,17.04126113656079,842,0,11728.5,0,0.9835499999999999,1
274,1.1119773607815573,0.7806976408813027,15.464214335448592,537,0,11728.5,0,0.9835499999999999,1
275,0.613297470585168,0.7200226743121767,18.39518837301417,1459,0,11728.5,0,0.9835499999999999,1
276,1.458286453652569,0.6225403773008844,27.119243798627377,1228,1,11728.5,0,0.9835499999999999,1
277,1.2453739139851514,0.5484099939023415,15.40238208874518,1493,0,11728.5,0,0.9835499999999999,1
278,0.7709512582450068,0.8664367362251424,19.13679493075732,185,0,11728.5,0,0.9835499999999999,1
279,1.1524397893317735,0.6769825223309672,13.808503366112388,662,1,11728.5,0,0.9835499999999999,1
280,0.8770527342736718,0.8726054912000092,21.191730265217984,231,0,11728.5,0,0.9835499999999999,1
281,1.1830672225186185,0.6505672183006806,19.65843992110418,822,0,11728.5,0,0.9835499999999999,1
282,1.6442402192298415,0.6026067007958482,25.97770673205695,270,0,11728.5,0,0.9835499999999999,1
283,2.862255898718145,0.7631198333241274,13.024858286017643,1054,0,11728.5,0,0.9835499999999999,1
284,0.5258762819666709,0.68851960910974,22.14345192569875,1271,0,11728.5,0,0.9835499999999999,1
285,3.0,0.5191707093083893,25.584501314210694,1135,0,11728.5,0,0.9835499999999999,1
286,0.3425791066206288,0.9726052494672772,15.374293585509998,183,0,11728.5,0,0.9835499999999999,1
287,1.0089689249001768,0.6059524339342544,17.238278405190194,735,0,11728.5,0,0.9835499999999999,1
288,1.5730089658339257,0.839138728176132,19.14442880048743,642,0,11728.5,0,0.9835499999999999,1
289,1.3081254008395076,0.8262784944094722,16.580527995933256,1366,0,11728.5,0,0.9835499999999999,1
290,0.7606212754931831,0.5110805852628464,19.06391517649053,1213,0,11728.5,0,0.9835499999999999,1
291,0.9754334426420164,0.5496418533075272,22.040617376470856,1199,0,11728.5,0,0.9835499999999999,1
292,0.8221761924937894,0.6547735990449808,17.31614360744562,392,0,11728.5,0,0.9835499999999999,1
293,0.7759875100952508,0.5701530183132525,17.269207219153426,1392,0,11728.5,0,0.9835499999999999,1
294,1.8399920633458824,0.9589684557818032,19.59997075265848,1446,0,11728.5,0,0.9835499999999999,1
295,1.3691762636246598,0.6699736544802233,15.604989586584193,587,0,11728.5,0,0.9835499999999999,1
296,0.7292448318803816,0.8334623564221102,15.901720426594236,1343,0,11728.5,0,0.9835499999999999,1
297,1.8960256367991428,0.7770456083500306,12.606838272023218,270,0,11728.5,0,0.9835499999999999,1
298,1.3289374491564236,0.739603367349453,17.74715128453819,769,0,11728.5,0,0.9835499999999999,1
299,1.7998750958560867,0.7060481816109382,20.686499118728733,453,0,11728.5,0,0.9835499999999999,1
300,1.612486350997299,0.8855696061683045,16.385175962580014,984,0,11728.5,0,0.9835499999999999,1
301,0.6720671575961974,0.5762360539997474,13.358933705995453,534,0,11728.5,0,0.9835499999999999,1
302,0.7896948893627609,0.9589502965684878,17.422699912310016,937,0,11728.5,0,0.9835499999999999,1
303,1.7304407815393568,0.5069165229243857,20.38252706121576,103,0,11728.5,0,0.9835499999999999,1
304,1.593961073229256,0.8172267588433635,18.767815742391544,367,0,11728.5,0,0.9835499999999999,1
305,1.0913975638358642,0.4892254210090325,31.37729983423367,1437,0,11728.5,0,0.9835499999999999,1
306,1.185774834856742,0.652644167165956,14.061504537758353,840,0,11728.5,0,0.9835499999999999,1
307,2.378806609796989,0.713996490709145,17.09809860984035,1194,0,11728.5,0,0.9835499999999999,1
308,0.774960798645134,0.6269956976755728,22.675784792055172,796,0,11728.5,0,0.9835499999999999,1
309,1.53458260992017,0.6727495645574663,13.83192089473787,486,1,11728.5,0,0.9835499999999999,1
310,0.978909980185423,0.491954432810381,29.56931326520009,441,0,11728.5,0,0.9835499999999999,1
311,0.9698549818233518,0.5518824296914673,18.027696421561515,843,0,11728.5,0,0.9835499999999999,1
312,2.136707539200085,0.7747397060793824,21.36686272662694,709,0,11728.5,0,0.9835499999999999,1
313,1.813483913695244,0.7044507737466167,18.114081814415243,1479,0,11728.5,0,0.9835499999999999,1
314,1.8005745017185455,0.5964207961267739,24.111827668613355,325,0,11728.5,0,0.9835499999999999,1
315,2.418838059816719,0.8986416644694506,11.622933003911328,806,0,11728.5,0,0.9835499999999999,1
316,1.1191867494337346,0.5170103650014676,27.431085166187017,438,0,11728.5,0,0.9835499999999999,1
317,1.6639125430872992,0.6457614301203906,19.390312829841317,806,0,11728.5,0,0.9835499999999999,1
318,0.917447378385876,0.6241515582732292,21.95075326128568,1035,0,11728.5,0,0.9835499999999999,1
319,1.3424547103077038,0.7922556441641566,13.56974808462068,237,0,11728.5,0,0.9835499999999999,1
320,1.022156046372963,0.7072245536705791,20.023458082485167,906,0,11728.5,0,0.9835499999999999,1
321,1.1713976154093186,0.6837752130198104,12.192060229128955,996,0,11728.5,0,0.9835499999999999,1
322,1.5794776881439776,0.4233674944199141,25.053866583856333,395,0,11728.5,0,0.9835499999999999,1
323,0.6764258741595901,0.8297551720948139,10.261149491250729,642,0,11728.5,0,0.9835499999999999,1
324,3.0,0.6673261277752394,18.92504050691328,208,0,11728.5,0,0.9835499999999999,1
325,0.6043447722602499,0.717349152641563,15.669443309073076,674,0,11728.5,0,0.9835499999999999,1
326,0.5333842646982491,0.5877155169859184,8.624232674868063,1117,0,11728.5,0,0.9835499999999999,1
327,2.214145442024278,0.564125685577439,12.387847619121867,644,0,11728.5,0,0.9835499999999999,1
328,1.7771262909112422,0.924893163771353,20.69756236070684,829,0,11728.5,0,0.9835499999999999,1
329,1.6071652136779242,0.434014213260638,12.6206580135345,120,0,11728.5,0,0.9835499999999999,1
330,1.6112452150575298,0.5418701458325842,13.98497660913487,613,1,11728.5,0,0.9835499999999999,1
331,1.0970798151370775,0.922073822900362,20.24006743704143,1481,0,11728.5,0,0.9835499999999999,1
332,0.64509826632991,0.796111957149798,23.48904909740653,503,0,11728.5,0,0.9835499999999999,1
333,1.1565977656525015,0.651180620238637,21.964659125984166,773,0,11728.5,0,0.9835499999999999,1
334,0.736167925296603,0.886989447143298,17.720537855561744,1072,0,11728.5,0,0.9835499999999999,1
335,1.9839143549255431,0.7670290174594013,19.30583438471406,932,0,11728.5,0,0.9835499999999999,1
336,1.0118350576793893,0.7348990137961628,18.712474502575013,1149,0,11728.5,0,0.9835499999999999,1
337,0.6734790982897019,0.7338343025653626,11.781864140717428,626,0,11728.5,0,0.9835499999999999,1
338,0.9113470447878252,0.769785732582174,19.67663454428202,928,0,11728.5,0,0.9835499999999999,1
339,1.4158907984591,0.7758538751946179,11.728442712064862,929,0,11728.5,0,0.9835499999999999,1
340,0.7880176966629061,1.0,21.685656848047927,466,0,11728.5,0,0.9835499999999999,1
341,0.6748045150819748,0.6707660782490992,18.8108138426804,495,0,11728.5,0,0.9835499999999999,1
342,1.2791711471475635,0.6753929217777693,5.014799590758194,637,0,11728.5,0,0.9835499999999999,1
343,1.2801534360547482,0.5144660218643928,23.87470306467739,1244,0,11728.5,0,0.9835499999999999,1
344,0.8153270929430093,0.6922153919768472,14.867809536913478,167,0,11728.5,0,0.9835499999999999,1
345,0.8330821823728229,0.9794330349317228,14.371175998003553,573,0,11728.5,0,0.9835499999999999,1
346,1.2702706174971052,0.8476727503651984,23.73542125362424,947,1,11728.5,0,0.9835499999999999,1
347,0.4635455592265259,0.6184498384187008,17.020428110400236,608,0,11728.5,0,0.9835499999999999,1
348,0.4749820502419022,0.7045062046781927,21.58447303667731,510,0,11728.5,0,0.9835499999999999,1
349,0.7181573864641309,0.5055342436622507,14.079866123598189,1157,0,11728.5,0,0.9835499999999999,1
350,0.9723219636683248,0.554632098355254,22.822015497819827,1185,0,11728.5,0,0.9835499999999999,1
351,1.331817484870048,0.7224161728920576,19.183202158242697,1045,0,11728.5,0,0.9835499999999999,1
352,2.67838427477598,0.6258318095769321,20.429499966906576,1428,0,11728.5,0,0.9835499999999999,1
353,1.8489090712193856,0.5433100315932372,16.928858292125888,781,0,11728.5,0,0.9835499999999999,1
354,1.0040450412056996,0.7734761147106838,27.77861960305735,221,0,11728.5,0,0.9835499999999999,1
355,1.092632885874435,0.6876624870020014,29.22265924396425,580,0,11728.5,0,0.9835499999999999,1
356,0.6056108755086057,0.4648674442463441,4.777696718471153,1243,0,11728.5,0,0.9835499999999999,1
357,1.092962739401835,0.3887279550748317,23.558134450250197,845,0,11728.5,0,0.9835499999999999,1
358,0.9294194051258252,0.6144982752138618,11.521556158095628,1358,0,11728.5,0,0.9835499999999999,1
359,1.3412890594319875,0.4617602284837708,21.058061061006555,317,0,11728.5,0,0.9835499999999999,1
360,0.6727788772319659,0.4196632890294019,7.333943516115694,301,0,11728.5,0,0.9835499999999999,1
361,1.5092425591899148,0.8693453802103127,20.419429328995648,759,0,11728.5,0,0.9835499999999999,1
362,2.7722058743103077,0.685343366520206,12.982574756407088,1033,0,11728.5,0,0.9835499999999999,1
363,1.0353545318631694,0.6601830432661745,15.24707370931528,452,0,11728.5,0,0.9835499999999999,1
364,1.4063912596879722,0.6717391275773876,15.407434952332412,731,0,11728.5,0,0.9835499999999999,1
365,1.6721101555973772,0.5293251773810544,13.592695676810331,500,0,11728.5,0,0.9835499999999999,1
366,0.8687218520626201,0.7616464247521252,13.755548988113508,1006,0,11728.5,0,0.9835499999999999,1
367,1.264220199587139,0.6803949509901189,15.611915049484306,818,0,11728.5,0,0.9835499999999999,1
368,1.1135525949134386,0.5863887016030882,17.076412859494628,478,0,11728.5,0,0.9835499999999999,1
369,1.1718757370541308,0.60885569732125,19.93879122846676,882,0,11728.5,0,0.9835499999999999,1
370,0.6950261068476493,0.5158811930181557,29.16425457631848,835,0,11728.5,0,0.9835499999999999,1
371,1.1215437725250803,0.6390635690647247,12.318744770564614,1124,0,11728.5,0,0.9835499999999999,1
372,1.4900340540261017,0.6640558178826228,18.76025213082926,838,0,11728.5,0,0.9835499999999999,1
373,2.6397551448052714,0.6351575006305054,22.635914541159707,108,0,11728.5,0,0.9835499999999999,1
374,1.9651380467471105,0.7082731836012379,13.746648285850505,322,0,11728.5,0,0.9835499999999999,1
375,3.0,0.6882232442857366,4.456380007056527,1387,0,11728.5,0,0.9835499999999999,1
376,0.6973913571807647,0.7346152807996911,6.544332510172049,843,0,11728.5,0,0.9835499999999999,1
377,1.865244944550613,0.8414645555382392,4.6770619640112105,1120,0,11728.5,0,0.9835499999999999,1
378,1.2336844793469235,0.7889535215819621,27.240701308149603,944,0,11728.5,0,0.9835499999999999,1
379,3.0,0.8431884760765503,21.684931743800583,93,0,11728.5,0,0.9835499999999999,1
380,0.6804649454064706,0.5728398655260656,22.535852164983773,238,0,11728.5,0,0.9835499999999999,1
381,0.6677555568273458,0.6237077658867014,23.888448433778947,1241,0,11728.5,0,0.9835499999999999,1
382,0.7713326180224349,0.7980395025918952,14.547175758785112,130,1,11728.5,0,0.9835499999999999,1
383,0.3090236602628309,0.8007216507148129,31.81826818852016,678,0,11728.5,0,0.9835499999999999,1
384,0.8061761491601056,0.5982069073694677,20.012799558466064,479,0,11728.5,0,0.9835499999999999,1
385,0.7008372432029462,0.7917375888672613,17.56336489883941,1048,0,11728.5,0,0.9835499999999999,1
386,1.2095353430954792,0.5584701825031086,24.660010887582725,1259,0,11728.5,0,0.9835499999999999,1
387,1.3566977003373413,0.772158358621269,22.00379923908135,884,0,11728.5,0,0.9835499999999999,1
388,3.0,0.6960555698701538,26.010275578829045,775,0,11728.5,0,0.9835499999999999,1
389,1.9547343520721856,0.4923346594140494,26.362999468193,1491,1,11728.5,0,0.9835499999999999,1
390,0.7818110486522332,0.6348889267360889,15.880520742435268,903,0,11728.5,0,0.9835499999999999,1
391,0.6446493181645476,1.0,19.12214892542196,686,0,11728.5,0,0.9835499999999999,1
392,1.484609096472839,0.7304170544207492,12.544827799295458,1156,0,11728.5,0,0.9835499999999999,1
393,0.5005038819002995,1.0,8.230306968711272,809,0,11728.5,0,0.9835499999999999,1
394,3.0,0.4834110205187445,23.020783308567847,1163,0,11728.5,0,0.9835499999999999,1
395,2.242663164588941,0.8126112688995762,23.742215183730963,320,0,11728.5,0,0.9835499999999999,1
396,0.8340137489040408,0.3198495712289326,6.106560360532139,1390,0,11728.5,0,0.9835499999999999,1
397,0.3953907678305809,0.6999646772627824,13.696751621557148,1402,0,11728.5,0,0.9835499999999999,1
398,2.4901013799801315,0.7946826066476981,18.336500385520964,309,0,11728.5,0,0.9835499999999999,1
399,1.03177032897468,0.8256835142494414,18.908326450805568,119,0,11728.5,0,0.9835499999999999,1
400,2.3226058979123816,0.580109541312938,30.27000546648852,983,0,11728.5,0,0.9835499999999999,1
401,0.4245792521886098,0.8558635632965104,14.23837129473232,1146,0,11728.5,0,0.9835499999999999,1
402,0.7713407737464761,0.6199427859932958,16.972161148361064,1106,0,11728.5,0,0.9835499999999999,1
403,1.108653504352891,0.6753854123331404,21.89914424468177,164,0,11728.5,0,0.9835499999999999,1
404,1.136767099731253,0.6350016670965049,15.898781448552755,338,0,11728.5,0,0.9835499999999999,1
405,0.8436316756572068,0.5295415973901503,14.970143217072811,184,0,11728.5,0,0.9835499999999999,1
406,1.605941131356545,0.9354579381131288,14.47764054124092,302,0,11728.5,0,0.9835499999999999,1
407,0.5824148656411067,0.7072026725737115,19.39788152973545,1202,0,11728.5,0,0.9835499999999999,1
408,1.0146790027098358,0.8630977567987942,16.94585734266594,1259,0,11728.5,0,0.9835499999999999,1
409,1.1878885210377643,0.85670668626469,22.094879824491382,997,0,11728.5,0,0.9835499999999999,1
410,1.5048049680009163,0.5548089678590525,20.14474884163381,572,1,11728.5,0,0.9835499999999999,1
411,1.6937905170297414,0.8824190871507401,3.0,537,0,11728.5,0,0.9835499999999999,1
412,0.5628257197818064,0.7755121365323984,7.490840553832388,1398,0,11728.5,0,0.9835499999999999,1
413,0.4402253595292286,0.5438647203290666,14.995423709783458,422,0,11728.5,0,0.9835499999999999,1
414,2.378823631803589,0.7673276247012256,23.880015535837074,876,0,11728.5,0,0.9835499999999999,1
415,1.3490334960347723,0.5465548172697898,14.089929359319108,1197,0,11728.5,0,0.9835499999999999,1
416,0.7053282921493059,0.940968755196796,20.247546909343317,347,0,11728.5,0,0.9835499999999999,1
417,2.803002559506976,0.8220680117383145,21.590974414371683,1381,1,11728.5,0,0.9835499999999999,1
418,1.1845995447760616,0.6893277156713447,21.241597549670715,419,0,11728.5,0,0.9835499999999999,1
419,2.2424708375703,0.8897205427325775,14.715454320437305,381,1,11728.5,0,0.9835499999999999,1
420,1.1508618412238916,0.4627018532944693,11.11147494423574,958,0,11728.5,0,0.9835499999999999,1
421,3.0,0.5875988049819938,10.12665368339058,1085,0,11728.5,0,0.9835499999999999,1
422,3.0,0.6621370417389443,35.82561122236605,363,0,11728.5,0,0.9835499999999999,1
423,0.9518208077249128,1.0,20.73255778318475,870,0,11728.5,0,0.9835499999999999,1
424,1.979694560776307,0.5394275648689891,29.043497462071343,1062,1,11728.5,0,0.9835499999999999,1
425,1.6277937490000176,0.4439041087388989,13.001338429147047,661,1,11728.5,0,0.9835499999999999,1
426,2.512250423496244,0.4833421728252594,25.489910660134505,1089,0,11728.5,0,0.9835499999999999,1
427,0.6194309305700797,0.8359323803808401,15.13913587952809,936,0,11728.5,0,0.9835499999999999,1
428,1.6680092942261582,0.6108711594191715,17.826309343287818,1109,0,11728.5,0,0.9835499999999999,1
429,2.085596055034181,0.6761370003447079,16.28181728331604,521,0,11728.5,0,0.9835499999999999,1
430,0.3847183803933262,0.8144248962511726,12.723383695461678,780,0,11728.5,0,0.9835499999999999,1
431,0.5433752619468685,0.6762873058063132,12.814585903531604,1214,0,11728.5,0,0.9835499999999999,1
432,0.3251270315685267,0.7306219906762083,17.765356184332276,668,0,11728.5,0,0.9835499999999999,1
433,0.9402174500157282,0.7802822721414542,14.477521181805214,1045,0,11728.5,0,0.9835499999999999,1
434,1.6998250831056092,0.6353985412059676,18.76032139405335,483,0,11728.5,0,0.9835499999999999,1
435,2.722128827219629,0.6750524410105474,12.973024127091264,880,0,11728.5,0,0.9835499999999999,1
436,1.1554118589557107,0.7362933103481517,22.24476532613097,1245,0,11728.5,0,0.9835499999999999,1
437,2.936355913480599,0.830226890957983,15.24021949180759,215,0,11728.5,0,0.9835499999999999,1
438,0.4828443785193307,0.5811446103729025,27.82160316527243,114,0,11728.5,0,0.9835499999999999,1
439,0.3977110813312821,0.246913611725533,17.696250481912998,1050,0,11728.5,0,0.9835499999999999,1
440,1.06894414473311,0.801937472407847,17.3869116946206,278,0,11728.5,0,0.9835499999999999,1
441,1.3915792723669065,0.8391573878125127,27.621210447649943,1182,0,11728.5,0,0.9835499999999999,1
442,1.0837022098797513,0.7300051243195258,15.028321292007735,542,0,11728.5,0,0.9835499999999999,1
443,0.3196702574203084,0.7402439828434804,15.558565104989029,1160,0,11728.5,0,0.9835499999999999,1
444,1.0476273873886022,0.6153535158789744,13.794157211410912,372,0,11728.5,0,0.9835499999999999,1
445,0.5052602174686341,0.7750275132302386,19.22660225965676,791,0,11728.5,0,0.9835499999999999,1
446,1.6516974708414571,0.8279750229526283,13.588918067355529,672,0,11728.5,0,0.9835499999999999,1
447,1.3770712311765652,0.7084744512127726,22.65999010442802,650,0,11728.5,0,0.9835499999999999,1
448,0.6288089076883665,1.0,17.7205287218916,406,0,11728.5,0,0.9835499999999999,1
449,0.8119470499222736,0.465438836849293,23.03334285556477,945,0,11728.5,0,0.9835499999999999,1
450,0.5853600721590828,0.724444250628452,22.357109761124704,432,0,11728.5,0,0.9835499999999999,1
451,1.0643800762307185,0.5238470556524027,14.925104090662815,545,1,11728.5,0,0.9835499999999999,1
452,1.960276220816233,0.8319768885935335,13.578159900236528,437,1,11728.5,0,0.9835499999999999,1
453,0.6117475217189197,0.4627786857936727,16.029838643543307,1306,0,11728.5,0,0.9835499999999999,1
454,1.4954511132373116,0.4999117685923452,18.053209035822103,844,0,11728.5,0,0.9835499999999999,1
455,0.804001156779716,0.6050219589176192,20.004132062641737,1407,0,11728.5,0,0.9835499999999999,1
456,0.6867920679188539,0.7398748254783098,20.670788001927388,953,0,11728.5,0,0.9835499999999999,1
457,1.0364296563070436,0.6106792917007574,17.808438683236194,344,0,11728.5,0,0.9835499999999999,1
458,0.5938399778623703,0.612183810610136,13.912923553596483,182,0,11728.5,0,0.9835499999999999,1
459,0.7927958082856631,0.6728664317610872,14.480255985614246,660,0,11728.5,0,0.9835499999999999,1
460,0.538629819364884,0.663663976140774,21.110122272980583,1260,0,11728.5,0,0.9835499999999999,1
461,3.0,0.9231174082477784,14.09889933184274,354,0,11728.5,0,0.9835499999999999,1
462,1.1288033972715843,0.8028866679503451,21.361406911642675,697,0,11728.5,0,0.9835499999999999,1
463,0.7262686401865712,0.6513134890323033,21.55776313227681,952,0,11728.5,0,0.9835499999999999,1
464,1.2565727137975296,1.0,27.20349953591147,798,0,11728.5,0,0.9835499999999999,1
465,1.033140476940399,0.7737491762284013,15.114877468224476,880,0,11728.5,0,0.9835499999999999,1
466,0.9679433078222766,0.5546556917029677,16.049075831882593,967,0,11728.5,0,0.9835499999999999,1
467,1.5975960330148882,0.7384770609987765,4.123815228880229,784,0,11728.5,0,0.9835499999999999,1
468,1.7410782862469651,0.7803268817297971,12.341562749743588,174,0,11728.5,0,0.9835499999999999,1
469,0.8038836866886667,0.5968562921407977,12.263225862500176,877,0,11728.5,0,0.9835499999999999,1
470,0.7823203681530798,0.542123663379094,21.03403016660545,966,0,11728.5,0,0.9835499999999999,1
471,0.9370383975969384,0.7129688635063662,28.84427341587633,146,0,11728.5,0,0.9835499999999999,1
472,0.2777169918242687,0.6459667343040946,21.48454790385415,1005,0,11728.5,0,0.9835499999999999,1
473,0.4452521013593214,0.9218691832683164,23.94475158095712,469,0,11728.5,0,0.9835499999999999,1
474,2.5096029677854084,0.8111733736127372,13.732018776179505,294,0,11728.5,0,0.9835499999999999,1
475,2.965307177016283,0.6038837088870129,10.812152221127675,763,0,11728.5,0,0.9835499999999999,1
476,0.9517797521564167,0.7638907166422882,16.547871353322382,1294,0,11728.5,0,0.9835499999999999,1
477,1.5619486523057344,0.8900692214087109,14.257474549545114,526,0,11728.5,0,0.9835499999999999,1
478,1.3320912725767458,0.4909293331150525,12.83345697651046,1450,0,11728.5,0,0.9835499999999999,1
479,3.0,0.5465832638518371,19.30956407539294,664,1,11728.5,0,0.9835499999999999,1
480,2.1635382211135905,0.6983247074080703,10.884478085512152,247,0,11728.5,0,0.9835499999999999,1
481,1.0235218202212444,0.7053402951857551,22.95888410899597,285,0,11728.5,0,0.9835499999999999,1
482,0.6229280450604766,0.6921703741805709,15.603353185974749,848,0,11728.5,0,0.9835499999999999,1
483,0.4215285404722836,0.6533834231818483,17.728569219267705,254,0,11728.5,0,0.9835499999999999,1
484,1.2486689968888025,0.651090951632197,18.598717848531177,640,0,11728.5,0,0.9835499999999999,1
485,0.702008022351431,0.7576387205232443,15.199713029711305,1149,0,11728.5,0,0.9835499999999999,1
486,0.4707857245422855,0.8700913830458759,25.59329294164097,744,0,11728.5,0,0.9835499999999999,1
487,0.7498037821018189,0.627857090546736,8.365315120153042,765,0,11728.5,0,0.9835499999999999,1
488,0.577568168899195,1.0,25.70000997665285,953,0,11728.5,0,0.9835499999999999,1
489,3.0,0.9941037153610476,15.917675933457796,1129,0,11728.5,0,0.9835499999999999,1
490,1.875703622140592,0.8993883444370122,23.52448468186572,836,0,11728.5,0,0.9835499999999999,1
491,1.0998968637816136,0.7933725001842342,19.207445647561837,836,1,11728.5,0,0.9835499999999999,1
492,2.68576736281081,1.0,23.10298052207375,1113,0,11728.5,0,0.9835499999999999,1
493,1.1576834523701067,0.6564826952500887,17.289528465703572,1361,0,11728.5,0,0.9835499999999999,1
494,0.6591721688931977,0.5751093382014648,19.43061614715202,1108,0,11728.5,0,0.9835499999999999,1
495,2.756259333088364,0.6211041910894023,24.58742854300044,479,1,11728.5,0,0.9835499999999999,1
496,1.5270626082442154,0.5495585795364877,18.575093304101525,1353,0,11728.5,0,0.9835499999999999,1
497,0.5931264335979483,0.7182701983470055,25.980469250284287,710,0,11728.5,0,0.9835499999999999,1
498,0.9858971828450328,0.7449745696191614,20.113180420126888,211,1,11728.5,0,0.9835499999999999,1
499,0.6535273128759101,0.730125975802166,13.603680184063691,1228,0,11728.5,0,0.9835499999999999,1
500,0.4820633034587299,0.69813529717273,15.871133335177246,1325,0,11728.5,0,0.9835499999999999,1
501,1.926503166079955,0.7199731792257422,23.32864543383713,1092,1,11728.5,0,0.9835499999999999,1
502,3.0,0.9604485713274832,10.561316752241872,333,0,11728.5,0,0.9835499999999999,1
503,0.4775241500632985,0.7930077801458626,22.75728011680151,341,0,11728.5,0,0.9835499999999999,1
504,1.5492664208267648,0.8383763194907231,15.805389491001607,1345,0,11728.5,0,0.9835499999999999,1
505,0.7479751365450923,0.7286184905030182,10.261684166143333,735,0,11728.5,0,0.9835499999999999,1
506,0.825079750324993,0.4576616952297884,19.243537390811937,748,0,11728.5,0,0.9835499999999999,1
507,0.7745784333898708,0.4279176294295733,13.798858100901198,334,0,11728.5,0,0.9835499999999999,1
508,0.6581025808838424,1.0,14.570251979580377,196,0,11728.5,0,0.9835499999999999,1
509,1.137818663978559,0.6202266587153168,14.245582803514768,1375,0,11728.5,0,0.9835499999999999,1
510,0.671279242510421,0.6074872983772102,18.68935918420641,1348,0,11728.5,0,0.9835499999999999,1
511,1.2998827855851685,0.7368494862065873,15.66020114685431,94,0,11728.5,0,0.9835499999999999,1
512,1.072354967599623,0.7825604467494891,20.345692267648616,283,0,11728.5,0,0.9835499999999999,1
513,0.95755815055639,0.8015293206001619,24.07452271343973,1161,0,11728.5,0,0.9835499999999999,1
514,0.6411202788034944,0.9661627799320004,21.2501280190042,1311,0,11728.5,0,0.9835499999999999,1
515,0.7818731230487356,0.9251104573986912,28.831848338797386,1255,0,11728.5,0,0.9835499999999999,1
516,1.7388687106706584,0.5783600163041768,30.308091301523813,1191,0,11728.5,0,0.9835499999999999,1
517,1.492645893467994,0.8453101860132683,16.258462437132973,1463,0,11728.5,0,0.9835499999999999,1
518,0.6147539657691632,0.6423863622683802,11.084274752631387,1281,0,11728.5,0,0.9835499999999999,1
519,1.1730408370474472,0.6793736883353835,16.265206403863182,759,0,11728.5,0,0.9835499999999999,1
520,1.7346961597910442,0.5359016191072956,18.710124404815183,1188,0,11728.5,0,0.9835499999999999,1
521,0.4059021457815969,0.4460390719252885,31.354627034492093,679,0,11728.5,0,0.9835499999999999,1
522,1.5311454499986212,0.6952657431051567,15.751184988846733,988,0,11728.5,0,0.9835499999999999,1
523,0.7426174378426226,0.5566027125833131,19.667582222799865,502,0,11728.5,0,0.9835499999999999,1
524,1.5563746916283796,0.8391720517858055,13.913032698200558,137,0,11728.5,0,0.9835499999999999,1
525,0.6991041886972448,0.6578382634719817,15.91995425615975,1351,0,11728.5,0,0.9835499999999999,1
526,0.374213323532183,0.746288532842481,10.713683091486242,609,0,11728.5,0,0.9835499999999999,1
527,0.416226596984019,0.9051288630873148,9.223605584201824,778,0,11728.5,0,0.9835499999999999,1
528,1.1375205845612668,0.4772057227326837,26.16558399686275,1248,0,11728.5,0,0.9835499999999999,1
529,1.2915376703486696,0.5913073917175469,24.39718208629597,856,0,11728.5,0,0.9835499999999999,1
530,0.6423705410382105,0.7271325436848775,15.782387807635336,685,0,11728.5,0,0.9835499999999999,1
531,1.621181939112938,0.7468787223734891,24.38029534144813,1177,0,11728.5,0,0.9835499999999999,1
532,0.4078270720818692,0.8655246251908488,10.158562173062077,1246,0,11728.5,0,0.9835499999999999,1
533,1.0622105071277144,0.8300729693560897,16.95982073653291,1311,0,11728.5,0,0.9835499999999999,1
534,0.5344005006807847,0.7145400438596109,19.04557507566061,565,0,11728.5,0,0.9835499999999999,1
535,0.7474396859378427,0.7455107005895882,25.5963254047026,179,0,11728.5,0,0.9835499999999999,1
536,1.137052289582726,0.7496613836485735,19.185244406154176,710,0,11728.5,0,0.9835499999999999,1
537,0.6595166774189398,0.4795431452989366,21.26850536591742,430,0,11728.5,0,0.9835499999999999,1
538,0.8774517362862881,0.6765436783967558,15.180235390602562,520,0,11728.5,0,0.9835499999999999,1
539,2.0213703763377717,0.7372709826995638,19.583748143685604,1477,0,11728.5,0,0.9835499999999999,1
540,0.7818165773921159,0.7687826288177659,25.58616047793258,407,0,11728.5,0,0.9835499999999999,1
541,1.8246994111305983,0.5613454839903761,8.300941285387871,1198,0,11728.5,0,0.9835499999999999,1
542,0.5611179686346391,0.5096803131206663,24.816447783573118,827,0,11728.5,0,0.9835499999999999,1
543,1.5187422219581352,0.6648201111222879,16.740173943898853,795,0,11728.5,0,0.9835499999999999,1
544,2.624633251044125,0.995104916663724,9.56428074691427,707,1,11728.5,0,0.9835499999999999,1
545,0.2508282843476521,0.5771128730906997,16.3972122346757,961,0,11728.5,0,0.9835499999999999,1
546,0.6851365254982301,0.8760892371032214,25.740486942261803,745,0,11728.5,0,0.9835499999999999,1
547,1.562431522875412,0.937710946456768,15.105990099186869,764,0,11728.5,0,0.9835499999999999,1
548,0.9784092586267448,0.706819978934979,19.796038293832613,778,0,11728.5,0,0.9835499999999999,1
549,1.380833806092518,0.5980228098019823,8.320884108307297,331,0,11728.5,0,0.9835499999999999,1
550,0.7692101175372241,0.7769229345487337,7.046002399730469,677,0,11728.5,0,0.9835499999999999,1
551,1.1641065378503777,0.7292485438149243,11.539565881900003,911,0,11728.5,0,0.9835499999999999,1
552,1.006615444789588,0.5711344029714537,24.076848058022915,624,0,11728.5,0,0.9835499999999999,1
553,2.227030841314452,0.6011795760442336,17.695012093291357,1347,0,11728.5,0,0.9835499999999999,1
554,1.2874358228467049,0.7680369778217996,24.598177271282783,1215,0,11728.5,0,0.9835499999999999,1
555,1.353321034701328,0.840016061225282,24.948681951225964,103,0,11728.5,0,0.9835499999999999,1
556,0.8631850541362279,0.6515814698026918,13.451090731507492,1210,0,11728.5,0,0.9835499999999999,1
557,0.824841745698647,0.689629965266792,27.40200609805641,1289,0,11728.5,0,0.9835499999999999,1
558,0.8525402024035281,0.8002957855766619,14.73372246391088,1119,0,11728.5,0,0.9835499999999999,1
559,1.4002786960642104,0.6741269673739096,24.002173306052903,393,0,11728.5,0,0.9835499999999999,1
560,0.8584810360753334,0.6551009540056173,23.75694901431276,767,0,11728.5,0,0.9835499999999999,1
561,1.3150371473128533,0.5866988770409161,18.390207092483955,334,0,11728.5,0,0.9835499999999999,1
562,3.0,0.5840973064938952,18.39997625841598,632,0,11728.5,0,0.9835499999999999,1
563,1.86390699952314,1.0,19.92276416381158,787,0,11728.5,0,0.9835499999999999,1
564,0.908814642444136,0.6705697509881376,18.692624186637325,1130,0,11728.5,0,0.9835499999999999,1
565,2.272154165972667,0.9047587482268336,15.65917782903287,1096,0,11728.5,0,0.9835499999999999,1
566,0.8651561883246268,0.9525990006278606,15.144593721020026,358,0,11728.5,0,0.9835499999999999,1
567,0.3253431781113885,0.6724626565760261,15.707155153349644,1354,0,11728.5,0,0.9835499999999999,1
568,0.6035950296992011,0.7552644712652153,25.309298467292205,1070,0,11728.5,0,0.9835499999999999,1
569,0.359703516323904,0.7153717723049547,8.469959722292424,264,0,11728.5,0,0.9835499999999999,1
570,0.8950210061493435,0.4581726474011984,15.01894947100903,558,0,11728.5,0,0.9835499999999999,1
571,1.117451926193176,0.4672040481627756,16.04435519500076,607,0,11728.5,0,0.9835499999999999,1
572,3.0,0.7073272700356409,16.631410584863634,99,1,11728.5,0,0.9835499999999999,1
573,1.3446804810288815,0.6362629692087105,19.78065011350735,659,0,11728.5,0,0.9835499999999999,1
574,0.9690294094083474,0.9837370507590384,9.91050325065311,641,0,11728.5,0,0.9835499999999999,1
575,1.8178297576433091,0.6645140591958072,24.151896378106567,615,0,11728.5,0,0.9835499999999999,1
576,0.2932642540687647,0.9926393495602186,23.32172285012715,752,0,11728.5,0,0.9835499999999999,1
577,1.272990344700621,0.6285412905796683,22.046003665659136,744,0,11728.5,0,0.9835499999999999,1
578,1.7550882074887957,0.98683006309134,16.75464846845545,386,0,11728.5,0,0.9835499999999999,1
579,0.4551393025363336,0.7759636745421019,13.569887972052667,729,0,11728.5,0,0.9835499999999999,1
580,2.1951544882127947,0.7844937843656795,16.048790446782256,1490,0,11728.5,0,0.9835499999999999,1
581,1.354046944002659,0.6232354064899526,18.36519065591024,432,1,11728.5,0,0.9835499999999999,1
582,0.8614202931188779,0.7865375770605533,21.997114596900506,330,0,11728.5,0,0.9835499999999999,1
583,1.615539763406933,0.9539070149621875,17.51213276785228,652,0,11728.5,0,0.9835499999999999,1
584,3.0,0.6782758758909794,20.16271568041875,199,0,11728.5,0,0.9835499999999999,1
585,1.232592596396889,0.6490904776950073,15.396547434525791,1109,0,11728.5,0,0.9835499999999999,1
586,1.2826552607898418,0.6629856191709868,19.71795513687013,470,0,11728.5,0,0.9835499999999999,1
587,0.8389396216841236,0.9430167407509656,16.504800385510123,1336,0,11728.5,0,0.9835499999999999,1
588,0.6637122235759341,0.8283026810501629,19.60770928721246,975,1,11728.5,0,0.9835499999999999,1
589,1.8188446465548656,0.9171519985706678,7.39835178807825,607,0,11728.5,0,0.9835499999999999,1
590,0.6612321466657921,0.7470434065726403,20.922626240167077,713,0,11728.5,0,0.9835499999999999,1
591,1.153660282692786,0.7058979035166747,21.240018677653172,1318,0,11728.5,0,0.9835499999999999,1
592,0.8297801705264969,0.7635916058605948,21.17377482165497,885,0,11728.5,0,0.9835499999999999,1
593,1.47312780002965,0.8605237801618809,12.075344934995954,1257,0,11728.5,0,0.9835499999999999,1
594,1.350125111271458,0.6629322636118202,13.739215709656012,618,0,11728.5,0,0.9835499999999999,1
595,2.059625080653436,0.905301549003518,12.78846833741963,1287,0,11728.5,0,0.9835499999999999,1
596,0.8138250687640712,0.7548745835598815,19.97988384200197,850,0,11728.5,0,0.9835499999999999,1
597,0.9399534171438144,0.3390582792954732,21.949349496583583,968,0,11728.5,0,0.9835499999999999,1
598,0.6143083799340823,0.8325240140657791,13.820622775639729,568,0,11728.5,0,0.9835499999999999,1
599,0.8465585132562513,0.5091542480107026,25.893676397577305,99,0,11728.5,0,0.9835499999999999,1
600,1.3859423367515973,0.8288759141010981,25.814320597723864,1272,0,11728.5,0,0.9835499999999999,1
601,1.7405361013343266,0.8352276997357249,18.82775292763018,660,0,11728.5,0,0.9835499999999999,1
602,0.6355279587041677,0.7494838896071812,20.225315633923096,1347,0,11728.5,0,0.9835499999999999,1
603,1.86220925067113,0.781552134831504,7.922697102886682,223,0,11728.5,0,0.9835499999999999,1
604,2.4927405189835112,0.8648306181765979,14.82576111795113,1479,1,11728.5,0,0.9835499999999999,1
605,1.416318560302568,0.6256558489283908,10.485842950073463,962,0,11728.5,0,0.9835499999999999,1
606,3.0,0.8190144489553717,12.540081754918257,750,0,11728.5,0,0.9835499999999999,1
607,0.6947011544681178,0.8744534954435554,21.087113064732456,1266,0,11728.5,0,0.9835499999999999,1
608,0.5237227582497301,0.9640123896307716,22.53634442200805,512,0,11728.5,0,0.9835499999999999,1
609,0.3801337367573317,0.5341329570910445,22.787147187731986,637,0,11728.5,0,0.9835499999999999,1
610,2.711837872849545,0.7612774097481652,19.450148803572336,1275,0,11728.5,0,0.9835499999999999,1
611,1.6365975036980356,0.5557766201407803,21.140247167534564,417,0,11728.5,0,0.9835499999999999,1
612,1.0689204323854933,0.5494116973447754,8.465199194862775,103,0,11728.5,0,0.9835499999999999,1
613,1.3073225304719316,0.7538541658608969,10.262807547134306,138,0,11728.5,0,0.9835499999999999,1
614,0.5625397794515672,0.7116183722194207,16.74469592773814,1456,0,11728.5,0,0.9835499999999999,1
615,3.0,0.8717502217782976,21.584917472067325,685,0,11728.5,0,0.9835499999999999,1
616,1.1942671207679545,0.6480735325608685,15.316417168490812,661,0,11728.5,0,0.9835499999999999,1
617,1.1801444860218575,0.6798922845704484,9.835299160079163,433,0,11728.5,0,0.9835499999999999,1
618,1.7082338052867545,0.7317256393507277,13.849423860065212,550,0,11728.5,0,0.9835499999999999,1
619,1.4749226371729978,0.5707256722845315,12.39908933002962,762,0,11728.5,0,0.9835499999999999,1
620,1.2640620877421425,0.5915395232476103,7.653067990102553,763,0,11728.5,0,0.9835499999999999,1
621,0.6877810910675302,0.8674147998658829,31.346355786883187,851,0,11728.5,0,0.9835499999999999,1
622,1.466503526711235,0.6176567438078336,25.39722925538753,889,0,11728.5,0,0.9835499999999999,1
623,3.0,0.8773714849674528,6.1460451615772005,1347,0,11728.5,0,0.9835499999999999,1
624,2.477505055272012,0.7910968871002442,6.467691579326479,1398,0,11728.5,0,0.9835499999999999,1
625,2.8745955209416008,0.4678703461766597,13.164065442326145,959,0,11728.5,0,0.9835499999999999,1
626,0.8132396781094282,0.7795568037756682,9.06399829229829,1062,0,11728.5,0,0.9835499999999999,1
627,0.6103254788947055,0.778371973464119,32.295712341937005,727,0,11728.5,0,0.9835499999999999,1
628,1.0248311301458588,0.7634392912766927,13.186080695983469,842,0,11728.5,0,0.9835499999999999,1
629,1.142746925027872,0.6787184910425483,20.16924203958556,800,0,11728.5,0,0.9835499999999999,1
630,2.1308371082517032,0.5589898816912222,14.965223957812627,1440,0,11728.5,0,0.9835499999999999,1
631,0.4003249135076733,0.901931914916893,10.996893503976768,566,0,11728.5,0,0.9835499999999999,1
632,2.7669072817951217,0.6847630616915746,24.284083121654373,961,0,11728.5,0,0.9835499999999999,1
633,1.0052087796213072,0.5674890759496948,21.92898344946527,231,0,11728.5,0,0.9835499999999999,1
634,0.8554491366315585,0.7686203029132012,17.642589796907885,1103,0,11728.5,0,0.9835499999999999,1
635,0.6021416121809063,0.5885830043900113,32.29160838658797,597,0,11728.5,0,0.9835499999999999,1
636,0.4094608424395295,0.5576370957572317,19.41033059345185,96,0,11728.5,0,0.9835499999999999,1
637,1.8110419640289872,0.6436791081696341,15.261187492170912,938,0,11728.5,0,0.9835499999999999,1
638,1.1548734609040443,0.6001903353522888,29.491638463702035,1274,0,11728.5,0,0.9835499999999999,1
639,0.5096777886711005,0.5631636622023137,20.423254952194217,111,0,11728.5,0,0.9835499999999999,1
640,0.5081151096676674,0.8209617643392638,27.76751781268769,1383,0,11728.5,0,0.9835499999999999,1
641,0.903507543692507,0.68292582783064,17.765468472445008,1039,0,11728.5,0,0.9835499999999999,1
642,3.0,0.8878419918273838,3.0,1242,1,11728.5,0,0.9835499999999999,1
643,0.9457710002816788,0.5718235783405097,8.647476384392348,1057,0,11728.5,0,0.9835499999999999,1
644,0.4484824306313084,0.4408658443545495,24.496263201189237,130,0,11728.5,0,0.9835499999999999,1
645,0.9536621235511742,0.7223155523874124,14.465622265086592,993,0,11728.5,0,0.9835499999999999,1
646,0.9383482390905264,0.9783968382709622,19.519950705615752,938,1,11728.5,0,0.9835499999999999,1
647,0.2191208257032065,0.7796480244043003,24.80308439214448,1158,0,11728.5,0,0.9835499999999999,1
648,1.0697479715147198,1.0,19.076908510462737,1249,0,11728.5,0,0.9835499999999999,1
649,0.9621732816083808,0.7498088681423632,12.843595258441065,974,0,11728.5,0,0.9835499999999999,1
650,1.6782034041217588,0.7353328316932135,17.933479758865957,223,0,11728.5,0,0.9835499999999999,1
651,3.0,0.3766955993413123,18.64159141732949,524,0,11728.5,0,0.9835499999999999,1
652,2.1726313089366163,0.7641921160882792,15.551066592390924,325,0,11728.5,0,0.9835499999999999,1
653,0.9405097962126366,0.7253001640028937,9.69013117946728,1079,1,11728.5,0,0.9835499999999999,1
654,0.5689768419498215,0.6388868202693194,15.867106137991335,880,0,11728.5,0,0.9835499999999999,1
655,3.0,0.6794831699411394,17.443115702842785,149,0,11728.5,0,0.9835499999999999,1
656,1.1451447639464336,0.6897849138486731,9.340910279623458,386,0,11728.5,0,0.9835499999999999,1
657,1.1144461724031989,0.6730106270601903,12.491452566027489,1127,0,11728.5,0,0.9835499999999999,1
658,1.0892887362907275,1.0,13.698895722818335,884,0,11728.5,0,0.9835499999999999,1
659,1.2446456319893089,0.6443706958292487,6.837828908088705,1308,0,11728.5,0,0.9835499999999999,1
660,1.0134737161666738,0.7253970585780786,18.769414027888796,229,0,11728.5,0,0.9835499999999999,1
661,0.7833331425007451,0.639414837492069,19.421740810013212,1220,0,11728.5,0,0.9835499999999999,1
662,0.7960324204614532,0.8175146779965821,14.734044140984007,1052,0,11728.5,0,0.9835499999999999,1
663,1.083664158216113,0.726514554995831,9.788307893512195,1178,0,11728.5,0,0.9835499999999999,1
664,0.7976743379130352,0.6580134140244277,20.441919273273413,724,0,11728.5,0,0.9835499999999999,1
665,0.7205737786082531,0.4111048081139225,21.276478522083305,747,0,11728.5,0,0.9835499999999999,1
666,1.1780471814772409,0.7364962337933125,18.591494022787604,472,0,11728.5,0,0.9835499999999999,1
667,0.9483929764965204,0.6535635589630373,18.249369703452597,239,0,11728.5,0,0.9835499999999999,1
668,2.7248020769069115,0.6908889014669348,21.56366096572989,1475,0,11728.5,0,0.9835499999999999,1
669,0.2252415527107865,0.5226313079131999,17.427187996122445,871,0,11728.5,0,0.9835499999999999,1
670,2.1274075189215056,0.9149923259080291,12.49345174682,130,0,11728.5,0,0.9835499999999999,1
671,2.334157740864386,0.8285114763765807,17.578295959989365,1377,0,11728.5,0,0.9835499999999999,1
672,0.3185314262015219,0.9146058996460948,15.647688337184697,460,0,11728.5,0,0.9835499999999999,1
673,0.8997731918723059,0.8720468951171431,17.578107625723018,552,0,11728.5,0,0.9835499999999999,1
674,0.8843834710734325,0.7888475953191192,23.305597849294564,928,0,11728.5,0,0.9835499999999999,1
675,0.4749683936570659,0.5286576236910335,10.7875293087275,441,0,11728.5,0,0.9835499999999999,1
676,0.6930244406267063,0.9765080746107788,19.064846850111323,212,0,11728.5,0,0.9835499999999999,1
677,0.5675959282887529,0.5608547273668734,10.484487308746225,429,0,11728.5,0,0.9835499999999999,1
678,3.0,0.6597388563887557,12.490915936845251,643,1,11728.5,0,0.9835499999999999,1
679,1.9375165727544077,0.806035342094038,27.44302580792276,640,0,11728.5,0,0.9835499999999999,1
680,2.3701021535846976,0.8134811180781107,20.743838725643464,155,0,11728.5,0,0.9835499999999999,1
681,1.7040422767965062,0.7858355090416836,18.96564718285685,1177,0,11728.5,0,0.9835499999999999,1
682,0.5613385594370282,0.6399567278006365,8.04916874159168,1302,0,11728.5,0,0.9835499999999999,1
683,0.806773628667686,0.6089602558966787,16.585558393647727,1279,0,11728.5,0,0.9835499999999999,1
684,1.4823441749756174,1.0,5.563254605293546,1435,0,11728.5,0,0.9835499999999999,1
685,0.5308495212729907,0.6941029092250249,18.223516333355867,1064,0,11728.5,0,0.9835499999999999,1
686,1.6951971692412493,0.6757342923041746,10.51821780650223,348,0,11728.5,0,0.9835499999999999,1
687,0.9567671410774444,0.5929665263591869,21.347062461356288,738,0,11728.5,0,0.9835499999999999,1
688,0.8825917897548914,0.7367005523606436,18.967823493311634,644,1,11728.5,0,0.9835499999999999,1
689,1.693125079686714,0.7297034200867105,10.703443776621508,536,0,11728.5,0,0.9835499999999999,1
690,1.442760059295912,0.6975660686943557,20.28955905872684,710,0,11728.5,0,0.9835499999999999,1
691,0.8899591648572396,0.7572589970181829,30.56032958543392,1092,0,11728.5,0,0.9835499999999999,1
692,2.2157653671263504,0.964530625366353,16.78364737593345,995,0,11728.5,0,0.9835499999999999,1
693,0.5777361533863483,0.6107420940563651,23.28181771371553,446,0,11728.5,0,0.9835499999999999,1
694,1.5992925323289706,0.7064625613303179,5.382081364572667,1457,0,11728.5,0,0.9835499999999999,1
695,1.5775306658692143,0.6028227321174165,20.80617566707688,980,0,11728.5,0,0.9835499999999999,1
696,0.9178439760023286,0.7442047541238441,14.584363854410256,121,0,11728.5,0,0.9835499999999999,1
697,1.3440397443399985,0.614729574793837,16.385911060729885,1181,1,11728.5,0,0.9835499999999999,1
698,0.5216970905511775,0.6211835512848716,21.57068698732297,1216,0,11728.5,0,0.9835499999999999,1
699,1.924018969349436,0.481071493891656,16.53911017416694,736,1,11728.5,0,0.9835499999999999,1
700,0.9891183562546402,0.7146692174229512,8.295371675386711,1286,0,11728.5,0,0.9835499999999999,1
701,0.807644080198331,0.7644654432857465,27.16332215591221,917,0,11728.5,0,0.9835499999999999,1
702,2.07384741250434,0.9790714529788442,9.298798093990705,502,0,11728.5,0,0.9835499999999999,1
703,0.724259001040018,0.7704253721784767,12.962788856531564,1177,0,11728.5,0,0.9835499999999999,1
704,0.4746978522753728,0.632547381505402,18.768711384215784,963,0,11728.5,0,0.9835499999999999,1
705,0.4343183431898867,0.4960481368470865,18.82460112868087,263,0,11728.5,0,0.9835499999999999,1
706,1.5897964208086075,0.5168069491501782,20.56783480019718,181,0,11728.5,0,0.9835499999999999,1
707,0.5126009501328642,0.5056557490792041,18.79961204314656,301,0,11728.5,0,0.9835499999999999,1
708,3.0,0.9817063053174072,24.890518977096168,1283,0,11728.5,0,0.9835499999999999,1
709,0.3169036023986638,0.7431715745389554,20.941791366818645,535,0,11728.5,0,0.9835499999999999,1
710,3.0,0.6125550671107161,10.885798429520475,1107,0,11728.5,0,0.9835499999999999,1
711,1.254341182196172,0.5560210592270103,3.0,119,0,11728.5,0,0.9835499999999999,1
712,1.042865416687785,0.5715838239409117,18.90652683994092,376,1,11728.5,0,0.9835499999999999,1
713,0.7969594720713917,0.6086050908240432,26.796856982837728,770,0,11728.5,0,0.9835499999999999,1
714,1.4042195508270694,0.8974382824382728,10.485762524882078,623,0,11728.5,0,0.9835499999999999,1
715,1.0804949017595284,0.6955084829413375,11.70030469403476,1186,0,11728.5,0,0.9835499999999999,1
716,2.1425166209798165,0.4828800374089076,20.1291333315699,98,0,11728.5,0,0.9835499999999999,1
717,1.183571531984816,1.0,20.897959545217628,248,1,11728.5,0,0.9835499999999999,1
718,1.20946856043483,0.5289758290951154,24.733708104947198,233,1,11728.5,0,0.9835499999999999,1
719,0.888547361918806,0.6113747035114199,27.846661579394063,892,0,11728.5,0,0.9835499999999999,1
720,1.06804793850081,0.8965216581450822,19.4165087696457,1007,0,11728.5,0,0.9835499999999999,1
721,1.3293379832215215,0.7622724448913599,12.439794871228845,839,0,11728.5,0,0.9835499999999999,1
722,0.3960950641337047,0.6295115500563685,12.623300973107028,207,0,11728.5,0,0.9835499999999999,1
723,0.4921797649722916,0.5152949610859248,14.738234959940367,1080,0,11728.5,0,0.9835499999999999,1
724,1.7262621367406603,0.554996483661246,24.18725130741256,230,0,11728.5,0,0.9835499999999999,1
725,1.224483671972813,0.56402558213853,14.99949759139176,821,0,11728.5,0,0.9835499999999999,1
726,0.9896637878046264,0.7010547696774324,23.769463880123663,586,0,11728.5,0,0.9835499999999999,1
727,1.117462354666948,0.7286592725921955,8.850996269648693,268,0,11728.5,0,0.9835499999999999,1
728,1.361448250484674,0.6777018057052986,19.722964299125827,1241,1,11728.5,0,0.9835499999999999,1
729,0.7994303973786452,0.6941179279113505,13.493448223942588,1024,0,11728.5,0,0.9835499999999999,1
730,0.6928215370567747,0.5423915207208518,21.13265476239196,160,0,11728.5,0,0.9835499999999999,1
731,1.2429743205440962,0.7439704159335834,16.462354408912525,595,0,11728.5,0,0.9835499999999999,1
732,0.6144524907902678,0.8920777955255494,22.785184782987805,818,0,11728.5,0,0.9835499999999999,1
733,1.4119216564464687,0.6755812477375647,15.39051702960391,1107,0,11728.5,0,0.9835499999999999,1
734,0.3979017503685562,0.672656994035579,17.84416109665277,154,0,11728.5,0,0.9835499999999999,1
735,2.049289980938612,0.7124501578079272,22.84848937312629,1163,0,11728.5,0,0.9835499999999999,1
736,1.4674973830502498,0.8677307289639087,17.388650046788385,519,0,11728.5,0,0.9835499999999999,1
737,1.288679229256621,0.5657915500842039,18.349863171571165,380,0,11728.5,0,0.9835499999999999,1
738,1.992947284126538,0.9176271003598202,22.562850549244203,920,0,11728.5,0,0.9835499999999999,1
739,3.0,0.7631833359152856,17.539483351334308,1444,1,11728.5,0,0.9835499999999999,1
740,2.031190428200845,0.7043021043548301,8.491130827267401,955,1,11728.5,0,0.9835499999999999,1
741,0.3662187162069006,0.881985825499648,14.573757851577614,555,0,11728.5,0,0.9835499999999999,1
742,0.5128631774332458,0.5226906889185317,6.459297201564873,120,0,11728.5,0,0.9835499999999999,1
743,0.7596548097201753,0.7783068304367062,16.50034870360168,149,0,11728.5,0,0.9835499999999999,1
744,1.1226080901589155,0.7645464346759926,20.827875329949013,873,0,11728.5,0,0.9835499999999999,1
745,1.5077152300764165,0.559681740340931,18.747590017770023,1110,0,11728.5,0,0.9835499999999999,1
746,0.7150189108532555,0.7690957184430731,26.36794273332021,382,0,11728.5,0,0.9835499999999999,1
747,1.236222128725954,0.7424957769070729,25.696009571905,1138,0,11728.5,0,0.9835499999999999,1
748,0.7024157881973008,0.6731892820465099,19.540413324748314,117,0,11728.5,0,0.9835499999999999,1
749,0.7657414630638666,0.8294226332845498,3.64691404909544,366,0,11728.5,0,0.9835499999999999,1
750,0.4752108597864179,0.6142368621463503,22.028069599134238,1113,0,11728.5,0,0.9835499999999999,1
751,0.635120872591165,0.7405481868765053,13.369766540794783,1100,0,11728.5,0,0.9835499999999999,1
752,0.4911475125729285,0.6802489326317022,23.287370353177774,1166,0,11728.5,0,0.9835499999999999,1
753,0.6153746856156835,0.6077954765488498,19.875901961688804,674,0,11728.5,0,0.9835499999999999,1
754,2.079619777999416,0.7754327027678156,21.936501890842106,233,0,11728.5,0,0.9835499999999999,1
755,0.6252277264439978,0.6688396378976272,21.0100162588908,1356,0,11728.5,0,0.9835499999999999,1
756,3.0,0.4790490311935679,32.34108549649659,103,0,11728.5,0,0.9835499999999999,1
757,1.4858555592505382,0.4298400842923023,21.127099459857668,1071,0,11728.5,0,0.9835499999999999,1
758,1.234790937306399,0.8183586202124802,10.319161303312285,963,0,11728.5,0,0.9835499999999999,1
759,0.6603305948329848,0.5169099839159754,24.42787466030206,1455,0,11728.5,0,0.9835499999999999,1
760,1.6823404142141678,0.741907674010091,15.417342254948412,599,0,11728.5,0,0.9835499999999999,1
761,0.7824050578559084,0.7082427840442225,26.071158121945054,1308,0,11728.5,0,0.9835499999999999,1
762,1.1891109044844324,0.644720233454365,27.257310320385525,960,0,11728.5,0,0.9835499999999999,1
763,3.0,0.9935002685823008,21.731072993120662,119,0,11728.5,0,0.9835499999999999,1
764,1.0432742242078965,0.7269511027690668,10.334199484209714,1434,0,11728.5,0,0.9835499999999999,1
765,2.2024359454988702,0.8133450224023098,15.238086771578295,1158,0,11728.5,0,0.9835499999999999,1
766,0.7247664201979908,0.7427224323009713,26.04450910190148,1228,0,11728.5,0,0.9835499999999999,1
767,1.082211795476479,0.6652690865323778,29.994015524245853,1032,1,11728.5,0,0.9835499999999999,1
768,3.0,0.6971366874646088,18.37155680696271,810,0,11728.5,0,0.9835499999999999,1
769,0.7586761786851582,0.9187814148490724,16.351203507047753,806,0,11728.5,0,0.9835499999999999,1
770,3.0,0.8632157938900644,10.919235350183284,662,0,11728.5,0,0.9835499999999999,1
771,1.689869253709565,0.99279796475329,10.997703971371072,529,0,11728.5,0,0.9835499999999999,1
772,0.7886126113936568,0.7332463139459325,19.39669282693421,889,0,11728.5,0,0.9835499999999999,1
773,1.615177153830826,0.5684594401448878,22.20448891363366,146,0,11728.5,0,0.9835499999999999,1
774,1.9808631217091737,0.6339224583460281,9.075870093211384,1011,0,11728.5,0,0.9835499999999999,1
775,1.6049393654464548,0.5218332712302113,22.976021636915444,159,0,11728.5,0,0.9835499999999999,1
776,0.4307898770795691,0.8150566193312916,26.233663998341868,1189,0,11728.5,0,0.9835499999999999,1
777,0.7144213922602501,0.6121125525884128,21.78354124724461,993,0,11728.5,0,0.9835499999999999,1
778,0.9526466873884384,0.2417023080520734,27.917170999764902,438,0,11728.5,0,0.9835499999999999,1
779,1.0568998388299573,1.0,20.132818948877578,749,0,11728.5,0,0.9835499999999999,1
780,1.6038440171189403,0.6144098292267527,20.19220061735378,1222,0,11728.5,0,0.9835499999999999,1
781,1.2295160055948222,0.6135113611771286,20.07757702861732,486,0,11728.5,0,0.9835499999999999,1
782,0.4959864777517789,0.9507417538990548,26.156538404775308,1286,0,11728.5,0,0.9835499999999999,1
783,1.3883537748219037,0.5187622823803726,21.22583669549897,462,0,11728.5,0,0.9835499999999999,1
784,1.5941671664477717,0.8704908829799749,14.821477587738,225,1,11728.5,0,0.9835499999999999,1
785,1.5463143625021745,0.6118836334863967,20.54059018755314,491,0,11728.5,0,0.9835499999999999,1
786,2.11376017583285,0.5014306833104711,20.60068465783739,499,0,11728.5,0,0.9835499999999999,1
787,1.8227626554426424,0.9558576642067204,16.725996195058766,378,0,11728.5,0,0.9835499999999999,1
788,1.4557308072302384,0.838464542059379,24.13549954116313,1061,0,11728.5,0,0.9835499999999999,1
789,1.0596096367975143,0.8380001476772564,18.54891537768034,1179,0,11728.5,0,0.9835499999999999,1
790,0.4079639117392259,0.7551483320183161,22.23172211408237,233,0,11728.5,0,0.9835499999999999,1
791,1.4301379833637695,0.789865244961652,21.058561666088917,708,1,11728.5,0,0.9835499999999999,1
792,1.2518376757279306,0.5151762962877935,13.645357970152496,388,1,11728.5,0,0.9835499999999999,1
793,1.3007581702041384,0.716741628586699,12.122699410091908,830,0,11728.5,0,0.9835499999999999,1
794,0.5137342628863801,0.5606855499323732,13.708419037417864,1252,1,11728.5,0,0.9835499999999999,1
795,0.5777385061147313,0.4916589221405417,17.51305145155926,554,0,11728.5,0,0.9835499999999999,1
796,2.079009777817511,0.7616429996062046,27.549162221327045,1157,0,11728.5,0,0.9835499999999999,1
797,1.079250595997152,0.8737224333489316,17.715529448151994,737,0,11728.5,0,0.9835499999999999,1
798,1.6634610777944885,0.6424946763657904,20.242527923528748,931,0,11728.5,0,0.9835499999999999,1
799,1.1241093415263868,0.6681980661498187,23.238094651282267,1183,0,11728.5,0,0.9835499999999999,1
800,1.125079481853782,0.529277403237544,15.846881600697907,473,0,11728.5,0,0.9835499999999999,1
801,1.940547759705625,0.7010825719131847,15.511966608517524,213,0,11728.5,0,0.9835499999999999,1
802,0.8108867825197861,0.8140114168582621,24.309474717138563,1434,0,11728.5,0,0.9835499999999999,1
803,1.1707826609655818,0.8187291605091659,21.409021600568245,1236,0,11728.5,0,0.9835499999999999,1
804,0.8374739056316834,0.7817764263446398,14.616066891237814,304,0,11728.5,0,0.9835499999999999,1
805,0.8515494245549806,0.6072353249208197,15.525926371673831,1052,0,11728.5,0,0.9835499999999999,1
806,0.9180501372785582,0.6024806434859272,18.51190023106368,1063,0,11728.5,0,0.9835499999999999,1
807,1.2627353277058262,0.81931067098614,19.97772513367012,294,0,11728.5,0,0.9835499999999999,1
808,0.8292370871496388,0.8217998398325096,25.46386627818564,621,0,11728.5,0,0.9835499999999999,1
809,2.3477412021556283,0.674200752185216,21.191970067447745,444,0,11728.5,0,0.9835499999999999,1
810,0.6461236522713858,0.6360742138651472,12.098960900966093,1101,0,11728.5,0,0.9835499999999999,1
811,0.9879502008556844,0.8750870640168549,13.28232871387574,650,0,11728.5,0,0.9835499999999999,1
812,0.8488789902173467,0.6460077002780129,19.85833512088128,1100,0,11728.5,0,0.9835499999999999,1
813,2.6331654895086727,0.8118898336785672,18.85668586947614,744,0,11728.5,0,0.9835499999999999,1
814,1.2435035833314945,0.6794735237712852,12.936168222028332,350,0,11728.5,0,0.9835499999999999,1
815,2.052598853524088,0.5428700828444499,24.31738234559677,1422,1,11728.5,0,0.9835499999999999,1
816,0.4532387620435235,0.9418468210035552,4.512410816177766,514,0,11728.5,0,0.9835499999999999,1
817,1.2972286218280469,0.7180095843597214,20.01374483626948,138,0,11728.5,0,0.9835499999999999,1
818,1.884718508473648,0.5933884030167874,8.718237230064208,327,0,11728.5,0,0.9835499999999999,1
819,1.1611029746426564,0.4913791498337193,23.28419074072675,446,0,11728.5,0,0.9835499999999999,1
820,2.0944442108749666,0.5064998802644749,16.41005983182942,292,0,11728.5,0,0.9835499999999999,1
821,0.8102818976587851,0.6440632893858098,22.486359549550823,1312,0,11728.5,0,0.9835499999999999,1
822,2.57437931955552,0.9887693325300388,15.65403481668312,413,0,11728.5,0,0.9835499999999999,1
823,3.0,0.6123007181988636,25.95446144891529,368,0,11728.5,0,0.9835499999999999,1
824,0.8889599134085596,0.9171182248519306,6.805199749017163,115,1,11728.5,0,0.9835499999999999,1
825,0.8459445097489101,0.6803854497095374,23.276937907821548,905,0,11728.5,0,0.9835499999999999,1
826,2.643306739662226,0.5228274413347476,14.352910404752055,789,0,11728.5,0,0.9835499999999999,1
827,2.851209492071385,0.6290183217324405,20.250599591297348,854,0,11728.5,0,0.9835499999999999,1
828,0.8075776913688317,0.5078518114393835,20.502539556717718,489,0,11728.5,0,0.9835499999999999,1
829,0.8588920019195931,0.5716047322054219,9.645472789249464,816,1,11728.5,0,0.9835499999999999,1
830,0.9332606352573398,0.5671377907186124,23.984489984388677,1036,0,11728.5,0,0.9835499999999999,1
831,0.4932839503124193,0.41442941987781,20.362214845787847,780,0,11728.5,0,0.9835499999999999,1
832,0.6368690816211287,0.9269194103222088,18.701646342919545,974,0,11728.5,0,0.9835499999999999,1
833,0.6050256288873608,0.7316525545333422,20.31106892732365,1472,0,11728.5,0,0.9835499999999999,1
834,0.697203086004919,0.5970582391572847,18.751389207863664,1286,0,11728.5,0,0.9835499999999999,1
835,1.082408951153245,0.7332636619650084,23.00807366745117,1449,0,11728.5,0,0.9835499999999999,1
836,1.271921614911546,0.5746779409536907,15.171466877722931,714,0,11728.5,0,0.9835499999999999,1
837,2.801907109001494,0.2993407051945366,23.017102390394523,356,0,11728.5,0,0.9835499999999999,1
838,0.6071299504402996,1.0,21.433786713181448,1031,0,11728.5,0,0.9835499999999999,1
839,1.9948990330995784,0.7284399815015589,16.967894031635183,1336,0,11728.5,0,0.9835499999999999,1
840,0.9720059953012632,0.6116480441027852,29.07746714347488,1329,0,11728.5,0,0.9835499999999999,1
841,1.0728533422543682,0.409912778248385,20.709609814817245,659,0,11728.5,0,0.9835499999999999,1
842,1.6568060708588834,0.4758775307286159,19.17000046104977,411,0,11728.5,0,0.9835499999999999,1
843,0.563474492377673,0.9481737894332358,21.44376490573761,402,0,11728.5,0,0.9835499999999999,1
844,1.3901975338237855,0.92529078231977,17.371396266545112,168,0,11728.5,0,0.9835499999999999,1
845,1.2212456041832358,0.8129822553998421,25.206602948778038,1030,0,11728.5,0,0.9835499999999999,1
846,1.4850831417604582,0.5327384442385279,17.87185446181175,335,0,11728.5,0,0.9835499999999999,1
847,1.3145589187311275,0.9264960981965517,22.916569686551945,838,0,11728.5,0,0.9835499999999999,1
848,3.0,0.7674673926916529,11.590319958713229,1214,0,11728.5,0,0.9835499999999999,1
849,0.7537880957816062,0.7982386672527301,7.225077605511572,623,0,11728.5,0,0.9835499999999999,1
850,0.8036445793716239,0.7669256416664869,20.41580117279292,1290,0,11728.5,0,0.9835499999999999,1
851,0.7604200387149226,0.4739519223060844,15.697161034980592,1437,0,11728.5,0,0.9835499999999999,1
852,0.7919268349915763,0.5202758573879669,16.844022010490974,351,0,11728.5,0,0.9835499999999999,1
853,0.7539477002949801,0.6234672750387457,3.9515797039173446,1113,0,11728.5,0,0.9835499999999999,1
854,2.255586253769576,0.7965459561299669,28.20375323248959,1135,0,11728.5,0,0.9835499999999999,1
855,2.591670241605644,0.492935187663528,18.6273418916724,112,0,11728.5,0,0.9835499999999999,1
856,0.7847047267323899,0.6736980377583713,26.007447167341283,1177,0,11728.5,0,0.9835499999999999,1
857,0.6707134087777621,0.6735085734755424,9.644525848879116,1458,0,11728.5,0,0.9835499999999999,1
858,1.4664570679558626,0.8189109533991366,18.591893607081523,284,0,11728.5,0,0.9835499999999999,1
859,0.7934745389352602,0.8012007303411492,20.445116334900145,109,0,11728.5,0,0.9835499999999999,1
860,1.6156851216569954,0.54846611064218,18.803802720332538,341,1,11728.5,0,0.9835499999999999,1
861,1.2482640330454318,0.9170029254230952,19.40098626091415,841,0,11728.5,0,0.9835499999999999,1
862,0.4451043771180036,0.5255140256874564,9.660509798421536,970,0,11728.5,0,0.9835499999999999,1
863,2.796876114042953,0.8638359162851125,19.90206870545793,1311,0,11728.5,0,0.9835499999999999,1
864,3.0,0.6174782652477402,12.943917826932047,729,0,11728.5,0,0.9835499999999999,1
865,0.7651577828809925,0.7245888930150057,14.293713137972,1029,0,11728.5,0,0.9835499999999999,1
866,0.8757970123476111,0.7338981190156457,18.09904656935787,300,0,11728.5,0,0.9835499999999999,1
867,1.3119561063481748,0.7296561161063193,15.88852925860721,1225,0,11728.5,0,0.9835499999999999,1
868,1.3507690190318224,0.8011748797651855,16.23349149059036,626,0,11728.5,0,0.9835499999999999,1
869,1.640705879565628,0.7587189246900299,24.74385477513355,330,0,11728.5,0,0.9835499999999999,1
870,3.0,0.8175473694805807,17.06370074014305,811,0,11728.5,0,0.9835499999999999,1
871,0.9938506486355192,0.7696929940517703,15.61862966392362,488,1,11728.5,0,0.9835499999999999,1
872,0.6845604354824797,0.5103317111611234,17.261875409000705,851,0,11728.5,0,0.9835499999999999,1
873,0.4830710489806862,0.7404698611836981,11.331074504549504,578,0,11728.5,0,0.9835499999999999,1
874,0.7127974188563565,0.6154195146242,18.975373859680843,1220,1,11728.5,0,0.9835499999999999,1
875,1.0834212045492084,0.5336106283139075,22.33104316801785,574,0,11728.5,0,0.9835499999999999,1
876,3.0,0.6565240160984049,19.88390204490878,1448,0,11728.5,0,0.9835499999999999,1
877,0.8101249536710218,0.7274853398552635,18.21994088183104,611,0,11728.5,0,0.9835499999999999,1
878,1.2639892247728912,0.7374512541981677,21.608864680023206,1052,0,11728.5,0,0.9835499999999999,1
879,1.0943343319184304,0.8584037117710401,14.675326150200242,832,0,11728.5,0,0.9835499999999999,1
880,2.254742924617258,0.8960963678457365,18.235486838724423,656,0,11728.5,0,0.9835499999999999,1
881,3.0,0.7504421246136034,26.38984833333689,596,0,11728.5,0,0.9835499999999999,1
882,0.8037063894494574,0.7775659565514114,16.235545529581874,435,0,11728.5,0,0.9835499999999999,1
883,0.8239349754206551,0.7142963549763482,21.64731635016656,649,0,11728.5,0,0.9835499999999999,1
884,2.0678233374692816,0.8150838195474377,21.797391203491955,1396,1,11728.5,0,0.9835499999999999,1
885,1.6638511641476257,0.7730482208255596,13.453933261808174,1189,0,11728.5,0,0.9835499999999999,1
886,3.0,0.6918267859213294,22.127649937802136,121,0,11728.5,0,0.9835499999999999,1
887,1.5688720335694126,1.0,14.358910425644112,704,0,11728.5,0,0.9835499999999999,1
888,0.8908535290022938,0.6180724954837271,20.574377341965643,1405,0,11728.5,0,0.9835499999999999,1
889,1.5752167760837033,0.9181685435062504,14.262237081684944,784,0,11728.5,0,0.9835499999999999,1
890,2.1494718232394043,0.4968560610509593,19.68636178242708,927,0,11728.5,0,0.9835499999999999,1
891,1.8081230327071085,0.8220424804677182,18.775342976578774,197,1,11728.5,0,0.9835499999999999,1
892,1.4983498741389758,0.9154852527590256,18.67162893904786,267,0,11728.5,0,0.9835499999999999,1
893,2.095945603835551,0.413917139348812,19.63176712739801,235,0,11728.5,0,0.9835499999999999,1
894,2.229054165054224,0.7208425859582641,14.81606808265861,758,0,11728.5,0,0.9835499999999999,1
895,2.532723977826568,0.8073121061866065,11.00190577293065,1408,0,11728.5,0,0.9835499999999999,1
896,1.6310531860073805,0.7377945406192099,18.48963879189708,1100,0,11728.5,0,0.9835499999999999,1
897,0.9997291884859472,0.7567233903410444,24.616759736518556,1094,0,11728.5,0,0.9835499999999999,1
898,1.2068675628480454,0.7204334743564995,21.499463618104105,1451,0,11728.5,0,0.9835499999999999,1
899,2.279384339357496,0.5358628260457612,20.683486102019607,393,0,11728.5,0,0.9835499999999999,1
900,0.676947604581919,1.0,14.934678327953964,771,0,11728.5,0,0.9835499999999999,1
901,1.3787868044827185,0.62446932050263,19.118947273762323,729,0,11728.5,0,0.9835499999999999,1
902,0.8728397631136936,0.7651241858168357,13.017025614965265,520,0,11728.5,0,0.9835499999999999,1
903,1.1243970020282523,0.6029740484371858,15.458472731875602,243,0,11728.5,0,0.9835499999999999,1
904,2.3799301001432585,0.3586205214968952,20.142591624442836,847,1,11728.5,0,0.9835499999999999,1
905,1.2394397224969045,0.5613230689376546,7.100020006494271,1368,0,11728.5,0,0.9835499999999999,1
906,1.136396088399512,0.4828589961587293,28.37723864608888,1231,0,11728.5,0,0.9835499999999999,1
907,0.4887453486346239,0.8637351308836734,9.99497825587536,724,0,11728.5,0,0.9835499999999999,1
908,1.7293612827509592,0.6089697975933317,29.33229185173119,194,0,11728.5,0,0.9835499999999999,1
909,1.6278994596224583,0.6228862991230055,12.966583602964072,865,0,11728.5,0,0.9835499999999999,1
910,3.0,0.5403503931094396,12.90731198775192,709,0,11728.5,0,0.9835499999999999,1
911,0.9188182541604564,0.7141053098072654,15.614399386378988,689,0,11728.5,0,0.9835499999999999,1
912,1.2604769695550546,0.5925312225458078,15.363461180305196,363,0,11728.5,0,0.9835499999999999,1
913,1.2835506850005474,0.8488532096870183,14.369932081473944,111,0,11728.5,0,0.9835499999999999,1
914,2.847586996778959,0.745305898463374,15.77658222847472,1486,1,11728.5,0,0.9835499999999999,1
915,1.0437528007867478,0.6142261321413327,18.550290849337152,280,0,11728.5,0,0.9835499999999999,1
916,1.3065798419799457,0.8275349577755529,12.615478534655002,139,0,11728.5,0,0.9835499999999999,1
917,1.591596985925135,0.7011910784534857,23.044283392354817,675,0,11728.5,0,0.9835499999999999,1
918,1.2361052064421305,0.7032245358534926,26.473310608877227,986,0,11728.5,0,0.9835499999999999,1
919,0.8454720498495898,0.4806047644402111,6.331760599711888,988,0,11728.5,0,0.9835499999999999,1
920,1.2416659621148678,0.6893370800822028,29.132326401575668,965,1,11728.5,0,0.9835499999999999,1
921,2.1047128613408703,0.7482316958976997,22.63523885641504,1075,0,11728.5,0,0.9835499999999999,1
922,0.5969576061132094,0.9000350233297517,19.545364029195746,1041,0,11728.5,0,0.9835499999999999,1
923,1.1969561641636954,0.5872159555145016,14.554610837297952,244,0,11728.5,0,0.9835499999999999,1
924,0.7260964011904274,1.0,18.99969743171994,104,0,11728.5,0,0.9835499999999999,1
925,2.263761878243024,0.7835302475243479,23.38471808947652,688,0,11728.5,0,0.9835499999999999,1
926,0.4431211177215476,0.4720882185949289,33.65948164602515,302,0,11728.5,0,0.9835499999999999,1
927,0.7902917417307913,0.5732202828871665,31.151601535776717,967,0,11728.5,0,0.9835499999999999,1
928,1.385868647064241,0.9131498746325228,8.828282747393194,1190,0,11728.5,0,0.9835499999999999,1
929,2.827278017539745,0.8864843714443591,16.75307393286205,1273,0,11728.5,0,0.9835499999999999,1
930,1.0624205508565876,0.7027140222340753,18.465145668635856,906,0,11728.5,0,0.9835499999999999,1
931,0.7920587457308117,0.7224876554586778,26.061333635181256,685,0,11728.5,0,0.9835499999999999,1
932,3.0,0.5253084589411043,17.4968691838377,713,0,11728.5,0,0.9835499999999999,1
933,0.4635651512307407,0.8982164110353013,13.468505058361572,1346,0,11728.5,0,0.9835499999999999,1
934,0.2954417532837725,0.5518349369838299,18.32273343520785,505,0,11728.5,0,0.9835499999999999,1
935,1.43908669103162,0.8267111666685125,15.687990779620776,1234,0,11728.5,0,0.9835499999999999,1
936,0.8177222607158003,0.9028063552997706,23.91908149276835,1422,0,11728.5,0,0.9835499999999999,1
937,0.5988526584868102,0.7072233331329263,32.32555018981696,757,0,11728.5,0,0.9835499999999999,1
938,1.6904822924666845,0.8451417049183297,23.46335415520488,450,0,11728.5,0,0.9835499999999999,1
939,1.2792582634183778,0.977145956203854,23.705115693524107,1461,0,11728.5,0,0.9835499999999999,1
940,0.7878503026384901,0.7401953198816107,25.413529591263465,165,0,11728.5,0,0.9835499999999999,1
941,0.5126393824432957,0.673704727535208,20.727244193058155,307,0,11728.5,0,0.9835499999999999,1
942,1.865397928768177,0.6899720713672725,15.6075400893431,893,0,11728.5,0,0.9835499999999999,1
943,1.6325132634743955,0.5885518145991867,16.19869068990977,279,0,11728.5,0,0.9835499999999999,1
944,1.041325563373514,0.585162431089469,24.57601509374481,1203,0,11728.5,0,0.9835499999999999,1
945,3.0,0.7663610145738554,19.733625295210537,425,0,11728.5,0,0.9835499999999999,1
946,0.5815543421019427,0.6754075266776073,12.106338859813286,313,0,11728.5,0,0.9835499999999999,1
947,0.4424998725508628,0.7491353765276898,25.854732253517398,725,0,11728.5,0,0.9835499999999999,1
948,0.7296831778957479,0.4765095775221142,13.355308307229956,487,0,11728.5,0,0.9835499999999999,1
949,1.0753523659896596,0.686107176221929,11.235708702427091,1484,0,11728.5,0,0.9835499999999999,1
950,1.2789042665920585,0.8545176775135694,12.738627723433131,370,0,11728.5,0,0.9835499999999999,1
951,0.9562445103065192,0.5321613584535972,19.838318033157268,794,0,11728.5,0,0.9835499999999999,1
952,1.3651075788948606,0.7024789621201827,23.83634502977022,516,1,11728.5,0,0.9835499999999999,1
953,0.5215638094425671,0.4218086033652383,19.52820177207089,1193,0,11728.5,0,0.9835499999999999,1
954,2.628093720938262,0.5041806966590239,14.658857249568117,442,0,11728.5,0,0.9835499999999999,1
955,1.052017020076366,0.8211491331517073,13.152445481322273,815,1,11728.5,0,0.9835499999999999,1
956,2.1605817171927844,0.6536073560030575,22.62672351765003,584,0,11728.5,0,0.9835499999999999,1
957,1.3574870155755063,0.9733109298307812,17.44374675994275,1369,1,11728.5,0,0.9835499999999999,1
958,1.4536126367701876,0.7648664665636469,20.04602619955927,1243,0,11728.5,0,0.9835499999999999,1
959,1.555598514153607,0.7795893497333987,17.158376297416556,1228,0,11728.5,0,0.9835499999999999,1
960,1.445745544139149,0.538527692515765,19.796646318203376,645,0,11728.5,0,0.9835499999999999,1
961,1.6252045030926705,0.642234193473332,20.341487569216174,152,0,11728.5,0,0.9835499999999999,1
962,2.4534409732579228,0.5901045726928581,32.55224745807708,1219,0,11728.5,0,0.9835499999999999,1
963,1.2434785094710177,0.5401837390674121,20.414927036339517,1480,0,11728.5,0,0.9835499999999999,1
964,1.6911389799315284,0.7995839689144202,15.67566312502628,1278,0,11728.5,0,0.9835499999999999,1
965,1.047240472773024,0.8296773798653019,19.05367618240736,1401,0,11728.5,0,0.9835499999999999,1
966,2.6223486021514324,0.7598405791251173,12.302198515554371,1087,0,11728.5,0,0.9835499999999999,1
967,0.7365078524898862,0.5757899210161019,12.249439973177584,560,0,11728.5,0,0.9835499999999999,1
968,3.0,0.7496095052646193,25.49806111426761,1136,0,11728.5,0,0.9835499999999999,1
969,1.0788603253021558,0.4130982397801515,19.8249617696601,1466,0,11728.5,0,0.9835499999999999,1
970,0.468384817522724,0.8984513903062059,24.714051050930443,287,1,11728.5,0,0.9835499999999999,1
971,1.193467157897572,0.5052774736543845,8.250503944249516,1289,0,11728.5,0,0.9835499999999999,1
972,0.7344517367704994,0.5319311526342304,12.146828357190294,365,0,11728.5,0,0.9835499999999999,1
973,1.8301284019524768,0.7172938404355288,19.789368753223165,731,0,11728.5,0,0.9835499999999999,1
974,0.7470864375826989,0.7306239340363068,13.0538420825139,557,0,11728.5,0,0.9835499999999999,1
975,0.8455989721714919,0.6890877102322323,9.456162794285364,432,0,11728.5,0,0.9835499999999999,1
976,0.3556797831060223,0.5334808088526555,11.526535418824468,1267,0,11728.5,0,0.9835499999999999,1
977,0.8424981677381942,0.8700021990404938,16.07301697406785,219,0,11728.5,0,0.9835499999999999,1
978,0.2581207975758027,0.4471076198396124,20.47861195662588,1051,0,11728.5,0,0.9835499999999999,1
979,0.427268911740431,0.4775096514327333,28.290953996944182,163,0,11728.5,0,0.9835499999999999,1
980,1.7441176685098314,0.6839525842068278,11.684443649137902,1013,0,11728.5,0,0.9835499999999999,1
981,1.7708861928032105,0.5103649027233418,11.99460835782913,1128,0,11728.5,0,0.9835499999999999,1
982,1.4265722474919602,0.8833937914413887,9.294372202285963,683,0,11728.5,0,0.9835499999999999,1
983,0.6186685031359657,0.5232678046880628,21.43868733324445,576,0,11728.5,0,0.9835499999999999,1
984,1.07398194645676,0.9335540728315468,18.748859368266512,1214,0,11728.5,0,0.9835499999999999,1
985,1.1027846451367265,0.8552683248657359,12.211001584201904,909,0,11728.5,0,0.9835499999999999,1
986,0.5515521891345452,0.8852583603261375,13.015063586607088,549,0,11728.5,0,0.9835499999999999,1
987,2.7238300080181377,0.9830658974429868,17.25642786716166,1383,0,11728.5,0,0.9835499999999999,1
988,1.870895838816512,0.7121841886143648,17.595850822434326,120,0,11728.5,0,0.9835499999999999,1
989,0.9679464588914756,0.5480538106270063,11.76191822723889,162,0,11728.5,0,0.9835499999999999,1
990,1.123143559615431,0.6845488186347037,19.063126671460083,647,0,11728.5,0,0.9835499999999999,1
991,1.252359891653591,0.6150001591886556,9.742458285362456,1409,0,11728.5,0,0.9835499999999999,1
992,0.3246391825088321,0.5936213091229416,18.294078241387663,692,0,11728.5,0,0.9835499999999999,1
993,0.9528417635005249,0.7226280155210248,16.934536585649646,617,0,11728.5,0,0.9835499999999999,1
994,0.7340408860903028,0.653244367868838,20.406654808322138,1499,0,11728.5,0,0.9835499999999999,1
995,0.6059413947413708,0.5871685473524505,25.26767493864269,810,0,11728.5,0,0.9835499999999999,1
996,0.9336439010310994,0.6631896411119113,15.77594111492122,825,0,11728.5,0,0.9835499999999999,1
997,3.0,0.7823467696305557,18.00239416240987,1241,0,11728.5,0,0.9835499999999999,1
998,1.6233724047320863,0.8434625809889044,6.115918047624245,498,0,11728.5,0,0.9835499999999999,1
999,0.7845010300016133,0.4595614130213515,29.830325196233797,1052,0,11728.5,0,0.9835499999999999,1
1000,1.5582286086573631,0.6545198370507186,6.836442320432946,1424,0,11728.5,0,0.9835499999999999,1
